POS Location Name,Date,Order Name,Month,Barcode,Payment Method,Ordered Quantity
Mackey - 215 Rue Queen,11-14-2024 17:45,#2017,Nov 2024,196458428111,INTERAC,1
Mackey - 215 Rue Queen,11-14-2024 17:45,#2017,Nov 2024,196458609541,INTERAC,1
Mackey - 215 Rue Queen,11-14-2024 17:06,#2016,Nov 2024,191683831804,INTERAC,1
Mackey - 215 Rue Queen,11-14-2024 17:06,#2016,Nov 2024,196458606953,INTERAC,1
Mackey - 215 Rue Queen,11-14-2024 16:04,#2015,Nov 2024,196457963736,VISA,1
Mackey - 215 Rue Queen,11-14-2024 16:04,#2015,Nov 2024,196458428159,VISA,1
Mackey - 215 Rue Queen,11-14-2024 16:04,#2015,Nov 2024,196458315855,VISA,2
Mackey - 215 Rue Queen,11-14-2024 16:04,#2015,Nov 2024,196458327582,VISA,1
Mackey - 215 Rue Queen,11-14-2024 15:33,#2014,Nov 2024,045242324972,VISA,1
Mackey - 215 Rue Queen,11-14-2024 15:22,#2013,Nov 2024,061536010055,VISA,1
Mackey - 215 Rue Queen,11-14-2024 15:22,#2013,Nov 2024,045734633537,VISA,1
Mackey - 215 Rue Queen,11-14-2024 13:55,#2012,Nov 2024,196458428562,VISA,1
Mackey - 215 Rue Queen,11-14-2024 11:08,#2011,Nov 2024,045242358267,VISA,1
Mackey - 215 Rue Queen,11-14-2024 11:00,#2010,Nov 2024,191056076023,INTERAC,1
Mackey - 215 Rue Queen,11-14-2024 10:14,#2009,Nov 2024,196458316838,MASTERCARD,1
Mackey - 215 Rue Queen,11-13-2024 17:16,#2008,Nov 2024,191683831811,INTERAC,1
,11-13-2024 17:01,#2007,Nov 2024,045242350506,,2
Mackey - 215 Rue Queen,11-13-2024 16:39,#2006,Nov 2024,023906777340,MASTERCARD,1
Mackey - 215 Rue Queen,11-13-2024 16:39,#2006,Nov 2024,059186745212,MASTERCARD,1
Mackey - 215 Rue Queen,11-13-2024 16:05,#2005,Nov 2024,076174169782,INTERAC,1
Mackey - 215 Rue Queen,11-13-2024 15:52,#2004,Nov 2024,023906763060,MASTERCARD,1
Mackey - 215 Rue Queen,11-13-2024 14:38,#2003,Nov 2024,196458244360,INTERAC,1
Mackey - 215 Rue Queen,11-13-2024 14:34,#2002,Nov 2024,,,1
Mackey - 215 Rue Queen,11-13-2024 13:42,#2001,Nov 2024,196458427671,INTERAC,1
,11-13-2024 12:37,#2000,Nov 2024,191057400810,VISA,1
Mackey - 215 Rue Queen,11-13-2024 11:41,#1999,Nov 2024,023906814793,MASTERCARD,1
Mackey - 215 Rue Queen,11-13-2024 11:41,#1999,Nov 2024,059186747599,MASTERCARD,1
Mackey - 215 Rue Queen,11-13-2024 11:20,#1998,Nov 2024,045242293025,MASTERCARD,1
Mackey - 215 Rue Queen,11-13-2024 10:45,#1997,Nov 2024,,MASTERCARD,1
Mackey - 215 Rue Queen,11-13-2024 10:45,#1997,Nov 2024,067735309365,MASTERCARD,3
Mackey - 215 Rue Queen,11-13-2024 10:12,#1996,Nov 2024,055734326001,INTERAC,2
Mackey - 215 Rue Queen,11-13-2024 09:27,#1995,Nov 2024,023906777272,VISA,8
Mackey - 215 Rue Queen,11-13-2024 09:21,#1994,Nov 2024,023906777272,VISA,8
Mackey - 215 Rue Queen,11-13-2024 09:25,#1994,Nov 2024,023906777272,VISA,8
Mackey - 215 Rue Queen,11-13-2024 08:45,#1993,Nov 2024,070798734463,,1
Mackey - 215 Rue Queen,11-13-2024 08:45,#1993,Nov 2024,062703137605,,1
Mackey - 215 Rue Queen,11-13-2024 08:45,#1993,Nov 2024,062703700052,,1
Mackey - 215 Rue Queen,11-13-2024 08:45,#1993,Nov 2024,689133311186,,1
Mackey - 215 Rue Queen,11-13-2024 08:42,#1992,Nov 2024,045242485833,,2
Mackey - 215 Rue Queen,11-13-2024 08:31,#1991,Nov 2024,076607017284,,1
Mackey - 215 Rue Queen,11-13-2024 08:31,#1991,Nov 2024,059186188163,,1
Mackey - 215 Rue Queen,11-13-2024 08:31,#1991,Nov 2024,076607017291,,1
Mackey - 215 Rue Queen,11-12-2024 17:12,#1990,Nov 2024,023906028800,INTERAC,1
Mackey - 215 Rue Queen,11-12-2024 16:13,#1989,Nov 2024,76230163,,2
Mackey - 215 Rue Queen,11-12-2024 15:46,#1988,Nov 2024,76230163,,1
,11-12-2024 15:38,#1987,Nov 2024,059186730331,VISA,4
,11-12-2024 15:38,#1987,Nov 2024,459186730698,VISA,2
,11-12-2024 15:38,#1987,Nov 2024,023906152260,VISA,2
Mackey - 215 Rue Queen,11-12-2024 15:25,#1985,Nov 2024,717012192479,VISA,1
Mackey - 215 Rue Queen,11-12-2024 13:54,#1984,Nov 2024,023906778392,VISA,1
Mackey - 215 Rue Queen,11-12-2024 13:47,#1983,Nov 2024,023906765460,VISA,1
Mackey - 215 Rue Queen,11-12-2024 12:04,#1981,Nov 2024,056438152040,VISA,4
Mackey - 215 Rue Queen,11-12-2024 11:37,#1980,Nov 2024,023906814793,VISA,1
Mackey - 215 Rue Queen,11-12-2024 09:40,#1979,Nov 2024,191057619960,INTERAC,1
Mackey - 215 Rue Queen,11-12-2024 08:55,#1978,Nov 2024,076607496041,VISA,1
Mackey - 215 Rue Queen,11-12-2024 08:55,#1978,Nov 2024,,VISA,1
Mackey - 215 Rue Queen,11-12-2024 08:55,#1978,Nov 2024,032664489037,VISA,1
Mackey - 215 Rue Queen,11-12-2024 08:53,#1977,Nov 2024,059186747582,MASTERCARD,1
Mackey - 215 Rue Queen,11-12-2024 08:53,#1977,Nov 2024,023906770907,MASTERCARD,1
Mackey - 215 Rue Queen,11-11-2024 14:16,#1976,Nov 2024,191683936134,VISA,1
Mackey - 215 Rue Queen,11-11-2024 14:16,#1976,Nov 2024,74878995,VISA,2
Mackey - 215 Rue Queen,11-11-2024 13:59,#1975,Nov 2024,059200807704,,1
Mackey - 215 Rue Queen,11-11-2024 13:59,#1975,Nov 2024,063912475427,,1
Mackey - 215 Rue Queen,11-11-2024 13:24,#1974,Nov 2024,032664517846,,1
Mackey - 215 Rue Queen,11-11-2024 11:39,#1973,Nov 2024,76230163,,4
Mackey - 215 Rue Queen,11-11-2024 10:51,#1972,Nov 2024,051071448833,INTERAC,1
Mackey - 215 Rue Queen,11-11-2024 10:03,#1971,Nov 2024,023906770099,VISA,2
Mackey - 215 Rue Queen,11-11-2024 10:03,#1971,Nov 2024,023906778422,VISA,1
Mackey - 215 Rue Queen,11-11-2024 08:53,#1970,Nov 2024,196458602955,,1
Mackey - 215 Rue Queen,11-11-2024 08:49,#1969,Nov 2024,023906028817,VISA,1
Mackey - 215 Rue Queen,11-11-2024 08:49,#1969,Nov 2024,023906028800,VISA,2
Mackey - 215 Rue Queen,11-11-2024 08:49,#1969,Nov 2024,023906763053,VISA,4
Mackey - 215 Rue Queen,11-10-2024 12:36,#1968,Nov 2024,,MASTERCARD,1
Mackey - 215 Rue Queen,11-10-2024 12:25,#1967,Nov 2024,196458602931,VISA,1
,11-10-2024 12:08,#1966,Nov 2024,023906757847,,1
Mackey - 215 Rue Queen,11-10-2024 11:03,#1965,Nov 2024,191057620263,,1
Mackey - 215 Rue Queen,11-10-2024 11:03,#1965,Nov 2024,196458413704,,1
Mackey - 215 Rue Queen,11-10-2024 11:03,#1965,Nov 2024,196458093098,,1
Mackey - 215 Rue Queen,11-10-2024 10:40,#1964,Nov 2024,023906770112,VISA,1
Mackey - 215 Rue Queen,11-10-2024 10:09,#1963,Nov 2024,,MASTERCARD,1
Mackey - 215 Rue Queen,11-10-2024 10:09,#1963,Nov 2024,023906763053,MASTERCARD,1
Mackey - 215 Rue Queen,11-10-2024 09:56,#1962,Nov 2024,059186740880,VISA,1
Mackey - 215 Rue Queen,11-10-2024 09:56,#1962,Nov 2024,076607026200,VISA,1
Mackey - 215 Rue Queen,11-10-2024 09:56,#1962,Nov 2024,023906762216,VISA,1
Mackey - 215 Rue Queen,11-09-2024 13:08,#1961,Nov 2024,064784001363,INTERAC,1
Mackey - 215 Rue Queen,11-09-2024 13:08,#1961,Nov 2024,090548221487,INTERAC,1
Mackey - 215 Rue Queen,11-09-2024 13:08,#1961,Nov 2024,023906028800,INTERAC,1
Mackey - 215 Rue Queen,11-09-2024 13:08,#1961,Nov 2024,023906782306,INTERAC,3
Mackey - 215 Rue Queen,11-09-2024 13:08,#1961,Nov 2024,064784021408,INTERAC,2
Mackey - 215 Rue Queen,11-09-2024 13:08,#1961,Nov 2024,070798736351,INTERAC,2
Mackey - 215 Rue Queen,11-09-2024 13:08,#1961,Nov 2024,059186747582,INTERAC,1
Mackey - 215 Rue Queen,11-09-2024 13:08,#1961,Nov 2024,059186745915,INTERAC,1
Mackey - 215 Rue Queen,11-09-2024 13:08,#1961,Nov 2024,059186730331,INTERAC,1
Mackey - 215 Rue Queen,11-09-2024 12:38,#1960,Nov 2024,196457926441,INTERAC,1
Mackey - 215 Rue Queen,11-09-2024 12:24,#1959,Nov 2024,045242483716,INTERAC,1
Mackey - 215 Rue Queen,11-09-2024 11:48,#1958,Nov 2024,191683831804,AMERICAN_EXPRESS,1
Mackey - 215 Rue Queen,11-09-2024 11:23,#1957,Nov 2024,627693135293,MASTERCARD,1
Mackey - 215 Rue Queen,11-09-2024 11:22,#1956,Nov 2024,,MASTERCARD,1
Mackey - 215 Rue Queen,11-09-2024 11:22,#1956,Nov 2024,,MASTERCARD,1
Mackey - 215 Rue Queen,11-09-2024 11:22,#1956,Nov 2024,196458427602,MASTERCARD,1
Mackey - 215 Rue Queen,11-09-2024 11:00,#1955,Nov 2024,196458606663,INTERAC,1
Mackey - 215 Rue Queen,11-09-2024 11:00,#1955,Nov 2024,196458416170,INTERAC,1
Mackey - 215 Rue Queen,11-09-2024 10:59,#1954,Nov 2024,083624004821,,1
,11-09-2024 09:16,#1953,Nov 2024,196458355639,VISA,1
Mackey - 215 Rue Queen,11-08-2024 17:30,#1952,Nov 2024,196458358845,VISA,1
Mackey - 215 Rue Queen,11-08-2024 16:53,#1951,Nov 2024,083622633122,INTERAC,1
Mackey - 215 Rue Queen,11-08-2024 16:13,#1950,Nov 2024,045242238309,,1
Mackey - 215 Rue Queen,11-08-2024 12:43,#1949,Nov 2024,039961402783,INTERAC,1
Mackey - 215 Rue Queen,11-08-2024 11:49,#1948,Nov 2024,059186730331,INTERAC,1
Mackey - 215 Rue Queen,11-08-2024 11:48,#1947,Nov 2024,191683932471,INTERAC,1
Mackey - 215 Rue Queen,11-08-2024 11:38,#1946,Nov 2024,083622162158,MASTERCARD,1
Mackey - 215 Rue Queen,11-08-2024 11:38,#1946,Nov 2024,045242504657,MASTERCARD,1
Mackey - 215 Rue Queen,11-08-2024 11:38,#1946,Nov 2024,083622633528,MASTERCARD,1
Mackey - 215 Rue Queen,11-08-2024 09:48,#1945,Nov 2024,196458241994,VISA,1
Mackey - 215 Rue Queen,11-08-2024 09:46,#1944,Nov 2024,,,1
Mackey - 215 Rue Queen,11-07-2024 16:47,#1943,Nov 2024,,VISA,1
Mackey - 215 Rue Queen,11-07-2024 16:45,#1942,Nov 2024,023906764975,VISA,1
Mackey - 215 Rue Queen,11-07-2024 14:42,#1941,Nov 2024,627693131462,VISA,1
Mackey - 215 Rue Queen,11-07-2024 14:07,#1940,Nov 2024,191684582934,INTERAC,1
Mackey - 215 Rue Queen,11-07-2024 13:55,#1939,Nov 2024,067735330086,MASTERCARD,1
Mackey - 215 Rue Queen,11-07-2024 13:48,#1938,Nov 2024,626463002018,INTERAC,1
Mackey - 215 Rue Queen,11-07-2024 12:06,#1937,Nov 2024,084084240606,,1
Mackey - 215 Rue Queen,11-07-2024 11:51,#1936,Nov 2024,196458606441,INTERAC,1
Mackey - 215 Rue Queen,11-07-2024 11:51,#1936,Nov 2024,196458606687,INTERAC,1
Mackey - 215 Rue Queen,11-07-2024 11:40,#1935,Nov 2024,051071042024,INTERAC,1
Mackey - 215 Rue Queen,11-07-2024 11:31,#1934,Nov 2024,,,1
Mackey - 215 Rue Queen,11-07-2024 11:30,#1933,Nov 2024,,,1
Mackey - 215 Rue Queen,11-07-2024 10:42,#1932,Nov 2024,03021843,INTERAC,1
Mackey - 215 Rue Queen,11-07-2024 09:51,#1931,Nov 2024,058391020107,VISA,3
Mackey - 215 Rue Queen,11-07-2024 09:51,#1931,Nov 2024,059186747131,VISA,1
Mackey - 215 Rue Queen,11-07-2024 09:51,#1931,Nov 2024,059186747155,VISA,3
Mackey - 215 Rue Queen,11-07-2024 09:51,#1931,Nov 2024,070798742338,VISA,2
Mackey - 215 Rue Queen,11-07-2024 09:51,#1931,Nov 2024,058391200707,VISA,1
Mackey - 215 Rue Queen,11-07-2024 09:51,#1931,Nov 2024,059186747681,VISA,1
Mackey - 215 Rue Queen,11-07-2024 08:27,#1930,Nov 2024,066395032231,,1
,11-07-2024 08:18,#1929,Nov 2024,045242534555,,6
,11-07-2024 08:18,#1929,Nov 2024,038548995151,,6
,11-07-2024 08:18,#1929,Nov 2024,045242571338,,6
,11-07-2024 08:18,#1929,Nov 2024,045242486489,,12
,11-07-2024 08:18,#1929,Nov 2024,045242342297,,6
,11-07-2024 08:18,#1929,Nov 2024,45242356225,,6
,11-07-2024 08:18,#1929,Nov 2024,045242356195,,6
,11-07-2024 08:18,#1929,Nov 2024,045242342358,,6
,11-07-2024 08:18,#1929,Nov 2024,45242342341,,6
,11-07-2024 08:18,#1929,Nov 2024,045242499410,,4
,11-07-2024 08:18,#1929,Nov 2024,045242532681,,6
,11-07-2024 08:18,#1929,Nov 2024,045242362226,,6
,11-07-2024 08:18,#1929,Nov 2024,045242251209,,6
,11-07-2024 08:18,#1929,Nov 2024,045242325276,,6
,11-07-2024 08:18,#1929,Nov 2024,045242518753,,6
Mackey - 215 Rue Queen,11-06-2024 13:40,#1928,Nov 2024,059186762073,INTERAC,2
Mackey - 215 Rue Queen,11-06-2024 13:40,#1928,Nov 2024,059186730621,INTERAC,2
Mackey - 215 Rue Queen,11-06-2024 12:29,#1927,Nov 2024,196458604010,INTERAC,1
Mackey - 215 Rue Queen,11-06-2024 12:21,#1926,Nov 2024,045242637737,VISA,1
,11-06-2024 11:17,#1925,Nov 2024,083622169812,,1
,11-06-2024 11:17,#1925,Nov 2024,083622632606,,1
Mackey - 215 Rue Queen,11-06-2024 10:29,#1924,Nov 2024,023906750640,VISA,1
Mackey - 215 Rue Queen,11-06-2024 08:39,#1923,Nov 2024,03021843,INTERAC,1
,11-05-2024 13:15,#1922,Nov 2024,045242636488,,1
,11-05-2024 13:15,#1922,Nov 2024,045242544387,,2
Mackey - 215 Rue Queen,11-05-2024 12:13,#1921,Nov 2024,023906770099,INTERAC,1
Mackey - 215 Rue Queen,11-05-2024 12:13,#1921,Nov 2024,076607017291,INTERAC,1
Mackey - 215 Rue Queen,11-05-2024 11:53,#1920,Nov 2024,062703000091,,1
Mackey - 215 Rue Queen,11-05-2024 13:28,#1920,Nov 2024,062703000855,,1
Mackey - 215 Rue Queen,11-05-2024 13:28,#1920,Nov 2024,062703000091,,1
Mackey - 215 Rue Queen,11-04-2024 17:20,#1919,Nov 2024,086348088023,INTERAC,2
Mackey - 215 Rue Queen,11-04-2024 13:57,#1918,Nov 2024,196458608407,MASTERCARD,1
Mackey - 215 Rue Queen,11-04-2024 13:57,#1918,Nov 2024,083625623571,MASTERCARD,1
Mackey - 215 Rue Queen,11-04-2024 13:57,#1918,Nov 2024,196458355608,MASTERCARD,1
Mackey - 215 Rue Queen,11-04-2024 13:57,#1918,Nov 2024,196458427787,MASTERCARD,1
Mackey - 215 Rue Queen,11-04-2024 13:09,#1917,Nov 2024,045242797387,MASTERCARD,2
Mackey - 215 Rue Queen,11-04-2024 13:09,#1917,Nov 2024,045242618934,MASTERCARD,1
Mackey - 215 Rue Queen,11-04-2024 13:09,#1917,Nov 2024,045242798001,MASTERCARD,1
Mackey - 215 Rue Queen,11-04-2024 13:09,#1917,Nov 2024,045242600670,MASTERCARD,1
Mackey - 215 Rue Queen,11-04-2024 13:09,#1917,Nov 2024,045242287659,MASTERCARD,1
Mackey - 215 Rue Queen,11-04-2024 13:09,#1917,Nov 2024,045242551934,MASTERCARD,1
Mackey - 215 Rue Queen,11-04-2024 13:09,#1917,Nov 2024,045242611584,MASTERCARD,1
Mackey - 215 Rue Queen,11-04-2024 13:09,#1917,Nov 2024,045242559541,MASTERCARD,2
Mackey - 215 Rue Queen,11-04-2024 13:09,#1917,Nov 2024,045242505340,MASTERCARD,1
Mackey - 215 Rue Queen,11-04-2024 13:09,#1917,Nov 2024,045242600687,MASTERCARD,2
Mackey - 215 Rue Queen,11-04-2024 12:09,#1916,Nov 2024,038753312125,VISA,1
Mackey - 215 Rue Queen,11-04-2024 10:35,#1915,Nov 2024,717012188519,,1
Mackey - 215 Rue Queen,11-04-2024 10:35,#1915,Nov 2024,191684582972,,1
Mackey - 215 Rue Queen,11-04-2024 09:57,#1914,Nov 2024,023906757878,VISA,1
,11-04-2024 09:04,#1913,Nov 2024,090548221487,,2
Mackey - 215 Rue Queen,11-04-2024 08:57,#1911,Nov 2024,02628627,INTERAC,6
Mackey - 215 Rue Queen,11-04-2024 08:57,#1911,Nov 2024,76468755,INTERAC,4
Mackey - 215 Rue Queen,11-03-2024 12:48,#1910,Nov 2024,023906777333,"INTERAC, VISA",1
Mackey - 215 Rue Queen,11-03-2024 12:48,#1910,Nov 2024,459186730698,"INTERAC, VISA",1
Mackey - 215 Rue Queen,11-03-2024 12:48,#1910,Nov 2024,023906777364,"INTERAC, VISA",2
Mackey - 215 Rue Queen,11-03-2024 12:25,#1909,Nov 2024,760609586175,,1
Mackey - 215 Rue Queen,11-03-2024 12:25,#1909,Nov 2024,,,1
Mackey - 215 Rue Queen,11-03-2024 12:17,#1908,Nov 2024,196458126260,VISA,1
Mackey - 215 Rue Queen,11-03-2024 12:17,#1908,Nov 2024,196458316524,VISA,1
Mackey - 215 Rue Queen,11-03-2024 12:17,#1908,Nov 2024,196458471964,VISA,1
Mackey - 215 Rue Queen,11-03-2024 11:23,#1907,Nov 2024,083625612612,VISA,1
Mackey - 215 Rue Queen,11-03-2024 11:23,#1907,Nov 2024,196458241956,VISA,1
Mackey - 215 Rue Queen,11-03-2024 11:23,#1907,Nov 2024,196458415487,VISA,1
Mackey - 215 Rue Queen,11-03-2024 11:23,#1907,Nov 2024,772436100875,VISA,1
Mackey - 215 Rue Queen,11-03-2024 11:23,#1907,Nov 2024,083622633245,VISA,1
Mackey - 215 Rue Queen,11-03-2024 10:50,#1906,Nov 2024,045242536597,VISA,1
Mackey - 215 Rue Queen,11-03-2024 10:45,#1905,Nov 2024,672787477537,INTERAC,1
Mackey - 215 Rue Queen,11-03-2024 10:27,#1904,Nov 2024,045242869435,MASTERCARD,1
Mackey - 215 Rue Queen,11-03-2024 10:27,#1904,Nov 2024,045242253166,MASTERCARD,1
Mackey - 215 Rue Queen,11-02-2024 12:32,#1903,Nov 2024,196458608070,INTERAC,1
Mackey - 215 Rue Queen,11-02-2024 12:24,#1902,Nov 2024,059186730669,INTERAC,1
Mackey - 215 Rue Queen,11-02-2024 12:24,#1902,Nov 2024,059186743805,INTERAC,2
Mackey - 215 Rue Queen,11-02-2024 11:07,#1901,Nov 2024,059186730331,,1
Mackey - 215 Rue Queen,11-02-2024 11:02,#1900,Nov 2024,196457944759,INTERAC,1
Mackey - 215 Rue Queen,11-02-2024 10:37,#1899,Nov 2024,196458351716,INTERAC,1
Mackey - 215 Rue Queen,11-02-2024 10:37,#1899,Nov 2024,196458606090,INTERAC,1
Mackey - 215 Rue Queen,11-02-2024 10:36,#1898,Nov 2024,196458606076,INTERAC,1
Mackey - 215 Rue Queen,11-02-2024 10:30,#1897,Nov 2024,023906767969,VISA,1
Mackey - 215 Rue Queen,11-02-2024 10:19,#1896,Nov 2024,023906814793,VISA,1
Mackey - 215 Rue Queen,11-02-2024 10:19,#1896,Nov 2024,067735309488,VISA,1
Mackey - 215 Rue Queen,11-02-2024 09:34,#1895,Nov 2024,191683933973,,1
Mackey - 215 Rue Queen,11-02-2024 09:17,#1894,Nov 2024,023906768324,INTERAC,1
Mackey - 215 Rue Queen,11-02-2024 09:17,#1894,Nov 2024,059186747131,INTERAC,1
Mackey - 215 Rue Queen,11-02-2024 09:02,#1893,Nov 2024,023906770129,,1
Mackey - 215 Rue Queen,11-01-2024 17:40,#1892,Nov 2024,083622161687,VISA,1
Mackey - 215 Rue Queen,11-01-2024 17:40,#1892,Nov 2024,196458416156,VISA,1
Mackey - 215 Rue Queen,11-01-2024 17:40,#1892,Nov 2024,196458243691,VISA,1
Mackey - 215 Rue Queen,11-01-2024 17:40,#1892,Nov 2024,196458416187,VISA,1
Mackey - 215 Rue Queen,11-01-2024 17:40,#1892,Nov 2024,196458416231,VISA,1
Mackey - 215 Rue Queen,11-01-2024 17:40,#1892,Nov 2024,637198011664,VISA,1
Mackey - 215 Rue Queen,11-01-2024 17:40,#1892,Nov 2024,191057532481,VISA,1
Mackey - 215 Rue Queen,11-01-2024 17:40,#1892,Nov 2024,083625612551,VISA,1
Mackey - 215 Rue Queen,11-01-2024 16:47,#1891,Nov 2024,772436045671,VISA,1
Mackey - 215 Rue Queen,11-01-2024 16:47,#1891,Nov 2024,023906762957,VISA,1
,11-01-2024 16:03,#1890,Nov 2024,196458602948,MASTERCARD,1
,11-01-2024 16:03,#1890,Nov 2024,196458607158,MASTERCARD,1
Mackey - 215 Rue Queen,11-01-2024 16:03,#1889,Nov 2024,023906770105,INTERAC,1
Mackey - 215 Rue Queen,11-01-2024 16:03,#1889,Nov 2024,023906770099,INTERAC,1
Mackey - 215 Rue Queen,11-01-2024 15:22,#1888,Nov 2024,774196296607,,1
Mackey - 215 Rue Queen,11-01-2024 15:18,#1887,Nov 2024,045242195626,INTERAC,1
Mackey - 215 Rue Queen,11-01-2024 15:00,#1886,Nov 2024,059186731192,VISA,1
Mackey - 215 Rue Queen,11-01-2024 15:00,#1886,Nov 2024,059186745915,VISA,1
Mackey - 215 Rue Queen,11-01-2024 15:00,#1886,Nov 2024,023906770112,VISA,3
Mackey - 215 Rue Queen,11-01-2024 14:39,#1885,Nov 2024,191057918063,INTERAC,1
Mackey - 215 Rue Queen,11-01-2024 14:39,#1885,Nov 2024,084084325921,INTERAC,1
Mackey - 215 Rue Queen,11-01-2024 14:04,#1884,Nov 2024,023906757861,MASTERCARD,1
Mackey - 215 Rue Queen,11-01-2024 14:04,#1884,Nov 2024,059186762080,MASTERCARD,1
Mackey - 215 Rue Queen,11-01-2024 13:12,#1883,Nov 2024,064784850022,,1
Mackey - 215 Rue Queen,11-01-2024 11:43,#1882,Nov 2024,191683818447,INTERAC,1
Mackey - 215 Rue Queen,11-01-2024 10:49,#1881,Nov 2024,023906782245,VISA,3
Mackey - 215 Rue Queen,11-01-2024 10:47,#1880,Nov 2024,023906028800,,2
Mackey - 215 Rue Queen,11-01-2024 10:47,#1880,Nov 2024,058391020107,,2
Mackey - 215 Rue Queen,11-01-2024 10:47,#1880,Nov 2024,071497152381,,1
Mackey - 215 Rue Queen,11-01-2024 10:47,#1880,Nov 2024,059186747582,,2
Mackey - 215 Rue Queen,11-01-2024 10:47,#1880,Nov 2024,023906778392,,1
Mackey - 215 Rue Queen,11-01-2024 10:47,#1880,Nov 2024,023906777333,,2
Mackey - 215 Rue Queen,11-01-2024 10:43,#1879,Nov 2024,627693160356,VISA,1
Mackey - 215 Rue Queen,11-01-2024 09:38,#1878,Nov 2024,023906778392,INTERAC,1
Mackey - 215 Rue Queen,11-01-2024 09:38,#1878,Nov 2024,059186730751,INTERAC,1
Mackey - 215 Rue Queen,11-01-2024 09:35,#1877,Nov 2024,023906757878,VISA,2
,10-31-2024 18:38,#1876,Oct 2024,196458680885,VISA,1
Mackey - 215 Rue Queen,10-31-2024 17:52,#1875,Oct 2024,196458680984,INTERAC,1
Mackey - 215 Rue Queen,10-31-2024 15:00,#1874,Oct 2024,059186140031,INTERAC,1
Mackey - 215 Rue Queen,10-31-2024 15:00,#1874,Oct 2024,067735330079,INTERAC,1
Mackey - 215 Rue Queen,10-31-2024 14:49,#1873,Oct 2024,023906768614,VISA,1
Mackey - 215 Rue Queen,10-31-2024 13:37,#1872,Oct 2024,084084325747,VISA,1
Mackey - 215 Rue Queen,10-31-2024 13:37,#1872,Oct 2024,084084240491,VISA,1
Mackey - 215 Rue Queen,10-31-2024 12:35,#1871,Oct 2024,816078008103,VISA,2
Mackey - 215 Rue Queen,10-31-2024 12:35,#1871,Oct 2024,059186730331,VISA,3
Mackey - 215 Rue Queen,10-31-2024 12:18,#1870,Oct 2024,023906770099,VISA,1
Mackey - 215 Rue Queen,10-31-2024 12:18,#1870,Oct 2024,086348088078,VISA,4
Mackey - 215 Rue Queen,10-31-2024 09:52,#1869,Oct 2024,196458244308,,1
Mackey - 215 Rue Queen,10-31-2024 09:23,#1868,Oct 2024,196458244469,INTERAC,1
,10-30-2024 17:49,#1867,Oct 2024,196458356346,VISA,1
,10-30-2024 17:44,#1866,Oct 2024,196458355660,VISA,1
Mackey - 215 Rue Queen,10-30-2024 15:17,#1865,Oct 2024,023906770099,VISA,2
Mackey - 215 Rue Queen,10-30-2024 15:10,#1864,Oct 2024,196458604034,INTERAC,1
Mackey - 215 Rue Queen,10-30-2024 15:10,#1864,Oct 2024,196457894788,INTERAC,1
Mackey - 215 Rue Queen,10-30-2024 14:25,#1863,Oct 2024,76468755,INTERAC,2
Mackey - 215 Rue Queen,10-30-2024 14:25,#1863,Oct 2024,,INTERAC,2
Mackey - 215 Rue Queen,10-30-2024 14:25,#1863,Oct 2024,03021843,INTERAC,3
Mackey - 215 Rue Queen,10-30-2024 14:20,#1862,Oct 2024,069606000319,INTERAC,1
Mackey - 215 Rue Queen,10-30-2024 13:18,#1861,Oct 2024,051131642041,VISA,1
Mackey - 215 Rue Queen,10-30-2024 11:56,#1860,Oct 2024,045242552429,INTERAC,1
Mackey - 215 Rue Queen,10-30-2024 11:56,#1860,Oct 2024,045242581818,INTERAC,1
Mackey - 215 Rue Queen,10-30-2024 11:56,#1860,Oct 2024,045242363339,INTERAC,1
Mackey - 215 Rue Queen,10-30-2024 11:04,#1859,Oct 2024,191056896027,INTERAC,1
Mackey - 215 Rue Queen,10-30-2024 09:14,#1858,Oct 2024,682994820217,,1
Mackey - 215 Rue Queen,10-30-2024 09:14,#1858,Oct 2024,075353060056,,1
,10-29-2024 19:37,#1857,Oct 2024,196458357602,MASTERCARD,1
,10-29-2024 19:37,#1857,Oct 2024,196458359958,MASTERCARD,1
,10-29-2024 19:37,#1857,Oct 2024,196458245565,MASTERCARD,1
Mackey - 215 Rue Queen,10-29-2024 17:30,#1856,Oct 2024,76230163,INTERAC,3
Mackey - 215 Rue Queen,10-29-2024 17:03,#1855,Oct 2024,023906770129,,1
Mackey - 215 Rue Queen,10-29-2024 16:45,#1854,Oct 2024,717205894760,INTERAC,1
Mackey - 215 Rue Queen,10-29-2024 16:07,#1853,Oct 2024,072874003036,,1
Mackey - 215 Rue Queen,10-29-2024 14:30,#1852,Oct 2024,,MASTERCARD,1
Mackey - 215 Rue Queen,10-29-2024 14:30,#1852,Oct 2024,055734326001,MASTERCARD,1
Mackey - 215 Rue Queen,10-29-2024 13:57,#1851,Oct 2024,637198011541,INTERAC,1
,10-29-2024 13:20,#1850,Oct 2024,,,4
Mackey - 215 Rue Queen,10-29-2024 11:49,#1849,Oct 2024,045242195572,INTERAC,1
Mackey - 215 Rue Queen,10-29-2024 11:49,#1849,Oct 2024,045242249312,INTERAC,1
Mackey - 215 Rue Queen,10-29-2024 11:43,#1848,Oct 2024,076308906443,INTERAC,1
Mackey - 215 Rue Queen,10-29-2024 11:43,#1848,Oct 2024,045242556793,INTERAC,1
Mackey - 215 Rue Queen,10-29-2024 11:43,#1848,Oct 2024,045242556489,INTERAC,1
Mackey - 215 Rue Queen,10-29-2024 11:43,#1848,Oct 2024,014045469937,INTERAC,1
Mackey - 215 Rue Queen,10-29-2024 11:41,#1847,Oct 2024,070042191707,VISA,1
Mackey - 215 Rue Queen,10-29-2024 11:25,#1846,Oct 2024,724504427186,MASTERCARD,1
Mackey - 215 Rue Queen,10-29-2024 10:28,#1845,Oct 2024,,VISA,2
Mackey - 215 Rue Queen,10-29-2024 10:28,#1845,Oct 2024,067735309488,VISA,10
Mackey - 215 Rue Queen,10-29-2024 08:20,#1844,Oct 2024,023906152338,INTERAC,2
Mackey - 215 Rue Queen,10-29-2024 08:20,#1844,Oct 2024,059186743805,INTERAC,1
,10-28-2024 22:07,#1843,Oct 2024,196458676291,VISA,1
Mackey - 215 Rue Queen,10-28-2024 17:16,#1842,Oct 2024,191683936172,INTERAC,1
Mackey - 215 Rue Queen,10-28-2024 17:16,#1842,Oct 2024,196458429170,INTERAC,1
Mackey - 215 Rue Queen,10-28-2024 15:02,#1841,Oct 2024,045242541447,INTERAC,1
Mackey - 215 Rue Queen,10-28-2024 14:53,#1840,Oct 2024,086348088023,INTERAC,1
Mackey - 215 Rue Queen,10-28-2024 14:24,#1839,Oct 2024,196458354311,,1
Mackey - 215 Rue Queen,10-28-2024 13:22,#1838,Oct 2024,023906768393,INTERAC,1
Mackey - 215 Rue Queen,10-28-2024 13:22,#1838,Oct 2024,059186188132,INTERAC,1
Mackey - 215 Rue Queen,10-28-2024 11:20,#1837,Oct 2024,196458608612,INTERAC,1
Mackey - 215 Rue Queen,10-28-2024 10:45,#1836,Oct 2024,023906764975,AMERICAN_EXPRESS,1
Mackey - 215 Rue Queen,10-28-2024 10:45,#1836,Oct 2024,064784850022,AMERICAN_EXPRESS,1
Mackey - 215 Rue Queen,10-28-2024 10:45,#1836,Oct 2024,059186747582,AMERICAN_EXPRESS,2
Mackey - 215 Rue Queen,10-28-2024 10:30,#1835,Oct 2024,023906768614,VISA,1
Mackey - 215 Rue Queen,10-28-2024 09:47,#1834,Oct 2024,074985005305,,1
Mackey - 215 Rue Queen,10-28-2024 09:43,#1833,Oct 2024,061083002541,VISA,1
Mackey - 215 Rue Queen,10-28-2024 09:11,#1832,Oct 2024,,INTERAC,1
Mackey - 215 Rue Queen,10-28-2024 09:11,#1832,Oct 2024,069606000319,INTERAC,1
,10-28-2024 08:27,#1831,Oct 2024,196458356766,VISA,1
,10-27-2024 17:28,#1830,Oct 2024,760609445601,VISA,1
Mackey - 215 Rue Queen,10-27-2024 13:02,#1829,Oct 2024,196458362958,VISA,1
Mackey - 215 Rue Queen,10-27-2024 13:02,#1829,Oct 2024,196458554278,VISA,1
Mackey - 215 Rue Queen,10-27-2024 13:02,#1829,Oct 2024,083625612711,VISA,1
Mackey - 215 Rue Queen,10-27-2024 12:56,#1828,Oct 2024,023906048594,VISA,1
Mackey - 215 Rue Queen,10-27-2024 12:29,#1827,Oct 2024,045242570607,VISA,1
Mackey - 215 Rue Queen,10-27-2024 11:20,#1826,Oct 2024,045242266623,INTERAC,1
Mackey - 215 Rue Queen,10-27-2024 10:50,#1825,Oct 2024,067735309488,VISA,1
Mackey - 215 Rue Queen,10-27-2024 10:50,#1825,Oct 2024,023906048600,VISA,2
Mackey - 215 Rue Queen,10-27-2024 10:05,#1824,Oct 2024,090548221487,INTERAC,1
Mackey - 215 Rue Queen,10-27-2024 08:49,#1823,Oct 2024,045734633575,,1
Mackey - 215 Rue Queen,10-26-2024 12:27,#1822,Oct 2024,191683218209,INTERAC,1
Mackey - 215 Rue Queen,10-26-2024 12:06,#1821,Oct 2024,64655379,INTERAC,2
Mackey - 215 Rue Queen,10-26-2024 11:22,#1820,Oct 2024,045242302451,INTERAC,1
Mackey - 215 Rue Queen,10-26-2024 10:31,#1819,Oct 2024,045242167012,MASTERCARD,1
Mackey - 215 Rue Queen,10-26-2024 10:30,#1818,Oct 2024,61444115,MASTERCARD,1
Mackey - 215 Rue Queen,10-26-2024 09:32,#1817,Oct 2024,076607495037,AMERICAN_EXPRESS,1
Mackey - 215 Rue Queen,10-26-2024 09:32,#1817,Oct 2024,772436500101,AMERICAN_EXPRESS,1
Mackey - 215 Rue Queen,10-26-2024 09:32,#1817,Oct 2024,076607009449,AMERICAN_EXPRESS,1
Mackey - 215 Rue Queen,10-26-2024 09:32,#1817,Oct 2024,797966344612,AMERICAN_EXPRESS,1
Mackey - 215 Rue Queen,10-25-2024 16:54,#1815,Oct 2024,196458352102,INTERAC,1
Mackey - 215 Rue Queen,10-25-2024 16:54,#1814,Oct 2024,,INTERAC,1
Mackey - 215 Rue Queen,10-25-2024 16:37,#1813,Oct 2024,816078008059,MASTERCARD,1
Mackey - 215 Rue Queen,10-25-2024 16:37,#1813,Oct 2024,816078008127,MASTERCARD,1
Mackey - 215 Rue Queen,10-25-2024 16:37,#1812,Oct 2024,196458429194,VISA,1
Mackey - 215 Rue Queen,10-25-2024 16:15,#1811,Oct 2024,717012192585,INTERAC,1
Mackey - 215 Rue Queen,10-25-2024 15:43,#1810,Oct 2024,023906770099,VISA,1
Mackey - 215 Rue Queen,10-25-2024 15:00,#1809,Oct 2024,023906770891,INTERAC,1
Mackey - 215 Rue Queen,10-25-2024 15:00,#1809,Oct 2024,059186730669,INTERAC,3
Mackey - 215 Rue Queen,10-25-2024 14:51,#1808,Oct 2024,084084240378,INTERAC,1
,10-25-2024 10:48,#1807,Oct 2024,98556179,,8
Mackey - 215 Rue Queen,10-25-2024 09:24,#1806,Oct 2024,196458357022,INTERAC,1
Mackey - 215 Rue Queen,10-24-2024 17:19,#1805,Oct 2024,051071041799,INTERAC,1
Mackey - 215 Rue Queen,10-24-2024 16:58,#1804,Oct 2024,196458602900,MASTERCARD,1
Mackey - 215 Rue Queen,10-24-2024 16:40,#1803,Oct 2024,023906763053,VISA,2
Mackey - 215 Rue Queen,10-24-2024 16:09,#1802,Oct 2024,059186762103,VISA,1
Mackey - 215 Rue Queen,10-24-2024 16:09,#1802,Oct 2024,059186731192,VISA,1
Mackey - 215 Rue Queen,10-24-2024 16:09,#1802,Oct 2024,023906779726,VISA,1
Mackey - 215 Rue Queen,10-24-2024 16:04,#1801,Oct 2024,023906778422,VISA,2
Mackey - 215 Rue Queen,10-24-2024 16:04,#1801,Oct 2024,,VISA,1
,10-24-2024 14:06,#1800,Oct 2024,045242586981,,1
,10-24-2024 14:06,#1800,Oct 2024,045242505296,,1
Mackey - 215 Rue Queen,10-24-2024 12:29,#1799,Oct 2024,059186731192,,1
Mackey - 215 Rue Queen,10-24-2024 11:32,#1798,Oct 2024,045242586981,,1
Mackey - 215 Rue Queen,10-24-2024 11:32,#1798,Oct 2024,045242505296,,1
Mackey - 215 Rue Queen,10-24-2024 11:31,#1797,Oct 2024,191683934079,VISA,1
,10-24-2024 11:28,#1796,Oct 2024,03021843,,3
,10-24-2024 11:28,#1796,Oct 2024,02726931,,2
Mackey - 215 Rue Queen,10-24-2024 11:23,#1795,Oct 2024,055500402908,,1
,10-24-2024 09:26,#1794,Oct 2024,660041002748,,1
Mackey - 215 Rue Queen,10-23-2024 18:01,#1793,Oct 2024,191057522024,INTERAC,1
Mackey - 215 Rue Queen,10-23-2024 18:01,#1793,Oct 2024,045242485833,INTERAC,1
Mackey - 215 Rue Queen,10-23-2024 14:50,#1792,Oct 2024,086348088078,VISA,2
Mackey - 215 Rue Queen,10-23-2024 14:09,#1791,Oct 2024,196458606007,INTERAC,1
Mackey - 215 Rue Queen,10-23-2024 12:10,#1790,Oct 2024,023906770914,INTERAC,1
Mackey - 215 Rue Queen,10-23-2024 10:41,#1789,Oct 2024,,VISA,1
Mackey - 215 Rue Queen,10-23-2024 10:41,#1789,Oct 2024,059186730751,VISA,2
Mackey - 215 Rue Queen,10-23-2024 10:41,#1789,Oct 2024,059186747643,VISA,2
Mackey - 215 Rue Queen,10-23-2024 10:41,#1789,Oct 2024,059186762134,VISA,1
Mackey - 215 Rue Queen,10-23-2024 10:12,#1788,Oct 2024,724504427308,VISA,1
Mackey - 215 Rue Queen,10-23-2024 10:12,#1788,Oct 2024,059186747131,VISA,1
Mackey - 215 Rue Queen,10-23-2024 10:12,#1788,Oct 2024,059186743539,VISA,1
Mackey - 215 Rue Queen,10-23-2024 10:12,#1788,Oct 2024,059186747582,VISA,1
Mackey - 215 Rue Queen,10-23-2024 10:12,#1788,Oct 2024,023906767556,VISA,1
Mackey - 215 Rue Queen,10-23-2024 09:41,#1787,Oct 2024,023906777272,INTERAC,1
Mackey - 215 Rue Queen,10-23-2024 09:41,#1787,Oct 2024,067735309242,INTERAC,1
Mackey - 215 Rue Queen,10-23-2024 09:41,#1787,Oct 2024,023906770099,INTERAC,1
Mackey - 215 Rue Queen,10-23-2024 09:41,#1787,Oct 2024,023906762209,INTERAC,1
Mackey - 215 Rue Queen,10-23-2024 09:34,#1786,Oct 2024,,,1
,10-22-2024 19:56,#1785,Oct 2024,191684479333,VISA,1
,10-22-2024 16:57,#1784,Oct 2024,,,10
,10-22-2024 16:55,#1783,Oct 2024,045242559190,,1
,10-22-2024 16:55,#1783,Oct 2024,,,1
Mackey - 215 Rue Queen,10-22-2024 16:35,#1782,Oct 2024,045242601318,VISA,1
Mackey - 215 Rue Queen,10-22-2024 16:35,#1782,Oct 2024,045242552481,VISA,1
Mackey - 215 Rue Queen,10-22-2024 16:35,#1782,Oct 2024,,VISA,1
Mackey - 215 Rue Queen,10-22-2024 14:37,#1781,Oct 2024,196458607677,INTERAC,1
,10-22-2024 14:31,#1780,Oct 2024,045242483075,,1
Mackey - 215 Rue Queen,10-22-2024 14:29,#1779,Oct 2024,086348088078,VISA,2
Mackey - 215 Rue Queen,10-22-2024 13:56,#1778,Oct 2024,052427620521,,1
Mackey - 215 Rue Queen,10-22-2024 13:51,#1777,Oct 2024,196458243172,INTERAC,1
Mackey - 215 Rue Queen,10-22-2024 12:44,#1776,Oct 2024,045242637737,,3
Mackey - 215 Rue Queen,10-22-2024 12:08,#1775,Oct 2024,045242635702,INTERAC,1
Mackey - 215 Rue Queen,10-22-2024 11:22,#1774,Oct 2024,023906768614,VISA,1
Mackey - 215 Rue Queen,10-22-2024 11:22,#1774,Oct 2024,076607026200,VISA,2
Mackey - 215 Rue Queen,10-22-2024 10:47,#1773,Oct 2024,,MASTERCARD,1
Mackey - 215 Rue Queen,10-22-2024 10:23,#1772,Oct 2024,196458681233,INTERAC,1
Mackey - 215 Rue Queen,10-22-2024 09:59,#1771,Oct 2024,067735309242,VISA,1
,10-21-2024 17:39,#1770,Oct 2024,760609586175,VISA,1
,10-21-2024 17:39,#1770,Oct 2024,051071459174,VISA,1
,10-21-2024 16:32,#1769,Oct 2024,023906764982,,2
,10-21-2024 16:32,#1769,Oct 2024,023906770907,,1
,10-21-2024 16:32,#1769,Oct 2024,023906765026,,2
,10-21-2024 16:32,#1769,Oct 2024,023906765002,,3
,10-21-2024 16:32,#1769,Oct 2024,023906765415,,1
Mackey - 215 Rue Queen,10-21-2024 15:37,#1767,Oct 2024,196458413193,INTERAC,1
Mackey - 215 Rue Queen,10-21-2024 15:36,#1766,Oct 2024,196458602917,INTERAC,1
Mackey - 215 Rue Queen,10-21-2024 12:40,#1765,Oct 2024,045242333592,VISA,1
Mackey - 215 Rue Queen,10-21-2024 12:40,#1765,Oct 2024,023906770129,VISA,6
Mackey - 215 Rue Queen,10-21-2024 12:31,#1764,Oct 2024,083622633139,MASTERCARD,1
Mackey - 215 Rue Queen,10-21-2024 12:31,#1764,Oct 2024,191057548222,MASTERCARD,1
Mackey - 215 Rue Queen,10-21-2024 12:31,#1764,Oct 2024,083622632217,MASTERCARD,1
Mackey - 215 Rue Queen,10-21-2024 11:52,#1763,Oct 2024,023906199999,,1
Mackey - 215 Rue Queen,10-21-2024 11:50,#1762,Oct 2024,196458604089,INTERAC,1
Mackey - 215 Rue Queen,10-21-2024 11:50,#1762,Oct 2024,196458608667,INTERAC,1
Mackey - 215 Rue Queen,10-21-2024 11:49,#1761,Oct 2024,070798742338,VISA,2
Mackey - 215 Rue Queen,10-21-2024 11:27,#1760,Oct 2024,059186140017,,1
Mackey - 215 Rue Queen,10-21-2024 11:02,#1759,Oct 2024,196457944773,INTERAC,1
Mackey - 215 Rue Queen,10-21-2024 11:02,#1759,Oct 2024,196458354342,INTERAC,1
Mackey - 215 Rue Queen,10-21-2024 11:02,#1759,Oct 2024,196458602375,INTERAC,1
Mackey - 215 Rue Queen,10-21-2024 11:02,#1759,Oct 2024,196458676291,INTERAC,1
Mackey - 215 Rue Queen,10-21-2024 09:10,#1758,Oct 2024,090548220985,INTERAC,4
Mackey - 215 Rue Queen,10-20-2024 12:59,#1757,Oct 2024,023906816049,VISA,1
Mackey - 215 Rue Queen,10-20-2024 12:15,#1756,Oct 2024,059186731192,VISA,2
Mackey - 215 Rue Queen,10-20-2024 10:54,#1755,Oct 2024,023906777272,VISA,1
Mackey - 215 Rue Queen,10-20-2024 10:54,#1755,Oct 2024,023906762957,VISA,1
Mackey - 215 Rue Queen,10-20-2024 10:36,#1754,Oct 2024,083622633351,INTERAC,1
Mackey - 215 Rue Queen,10-20-2024 10:36,#1754,Oct 2024,627693166884,INTERAC,1
Mackey - 215 Rue Queen,10-20-2024 10:20,#1753,Oct 2024,,MASTERCARD,1
Mackey - 215 Rue Queen,10-20-2024 10:18,#1752,Oct 2024,059186762134,VISA,1
Mackey - 215 Rue Queen,10-20-2024 10:18,#1752,Oct 2024,059186762110,VISA,1
Mackey - 215 Rue Queen,10-19-2024 12:43,#1751,Oct 2024,045242353682,,1
Mackey - 215 Rue Queen,10-19-2024 12:21,#1750,Oct 2024,196458315756,INTERAC,1
Mackey - 215 Rue Queen,10-19-2024 11:47,#1749,Oct 2024,045242353002,,1
Mackey - 215 Rue Queen,10-19-2024 11:15,#1748,Oct 2024,191683818751,VISA,1
Mackey - 215 Rue Queen,10-19-2024 11:15,#1748,Oct 2024,28983059,VISA,1
Mackey - 215 Rue Queen,10-19-2024 11:15,#1748,Oct 2024,191683932426,VISA,1
Mackey - 215 Rue Queen,10-19-2024 11:15,#1748,Oct 2024,196458606045,VISA,1
Mackey - 215 Rue Queen,10-19-2024 11:11,#1747,Oct 2024,045242548378,MASTERCARD,1
Mackey - 215 Rue Queen,10-19-2024 11:11,#1747,Oct 2024,045242532896,MASTERCARD,1
Mackey - 215 Rue Queen,10-19-2024 10:26,#1746,Oct 2024,191056846275,INTERAC,1
Mackey - 215 Rue Queen,10-19-2024 10:05,#1745,Oct 2024,023906768249,MASTERCARD,1
Mackey - 215 Rue Queen,10-19-2024 09:43,#1744,Oct 2024,070798734449,MASTERCARD,1
Mackey - 215 Rue Queen,10-19-2024 09:43,#1744,Oct 2024,070798748750,MASTERCARD,1
Mackey - 215 Rue Queen,10-19-2024 09:43,#1744,Oct 2024,058391020107,MASTERCARD,1
Mackey - 215 Rue Queen,10-19-2024 09:43,#1744,Oct 2024,023906763053,MASTERCARD,2
Mackey - 215 Rue Queen,10-19-2024 09:39,#1743,Oct 2024,023906770099,INTERAC,1
Mackey - 215 Rue Queen,10-19-2024 09:39,#1743,Oct 2024,061083049607,INTERAC,1
Mackey - 215 Rue Queen,10-19-2024 09:39,#1743,Oct 2024,682994820217,INTERAC,1
Mackey - 215 Rue Queen,10-19-2024 09:39,#1743,Oct 2024,023906770105,INTERAC,1
Mackey - 215 Rue Queen,10-18-2024 18:03,#1742,Oct 2024,196458326875,INTERAC,1
Mackey - 215 Rue Queen,10-18-2024 18:02,#1741,Oct 2024,196458394263,INTERAC,1
Mackey - 215 Rue Queen,10-18-2024 17:17,#1740,Oct 2024,670750593505,VISA,1
Mackey - 215 Rue Queen,10-18-2024 17:17,#1740,Oct 2024,023906763138,VISA,2
Mackey - 215 Rue Queen,10-18-2024 17:17,#1740,Oct 2024,066395131118,VISA,1
Mackey - 215 Rue Queen,10-18-2024 17:17,#1740,Oct 2024,067735309242,VISA,1
Mackey - 215 Rue Queen,10-18-2024 17:17,#1740,Oct 2024,067735309488,VISA,1
Mackey - 215 Rue Queen,10-18-2024 17:17,#1740,Oct 2024,670750593758,VISA,1
Mackey - 215 Rue Queen,10-18-2024 17:17,#1740,Oct 2024,670750319754,VISA,1
Mackey - 215 Rue Queen,10-18-2024 17:17,#1740,Oct 2024,670750593567,VISA,2
Mackey - 215 Rue Queen,10-18-2024 17:17,#1740,Oct 2024,670750319693,VISA,1
Mackey - 215 Rue Queen,10-18-2024 17:17,#1740,Oct 2024,670750593376,VISA,3
Mackey - 215 Rue Queen,10-18-2024 17:17,#1740,Oct 2024,670750319273,VISA,1
Mackey - 215 Rue Queen,10-18-2024 17:17,#1740,Oct 2024,045734992238,VISA,1
Mackey - 215 Rue Queen,10-18-2024 16:55,#1739,Oct 2024,191683831842,VISA,1
Mackey - 215 Rue Queen,10-18-2024 16:22,#1738,Oct 2024,059186730775,INTERAC,1
Mackey - 215 Rue Queen,10-18-2024 16:22,#1738,Oct 2024,059186740835,INTERAC,1
Mackey - 215 Rue Queen,10-18-2024 16:22,#1738,Oct 2024,023906048532,INTERAC,1
Mackey - 215 Rue Queen,10-18-2024 16:13,#1737,Oct 2024,023906768423,MASTERCARD,1
Mackey - 215 Rue Queen,10-18-2024 16:07,#1736,Oct 2024,023906768393,,1
Mackey - 215 Rue Queen,10-18-2024 15:31,#1735,Oct 2024,059186730331,MASTERCARD,2
Mackey - 215 Rue Queen,10-18-2024 15:31,#1735,Oct 2024,02694163,MASTERCARD,1
Mackey - 215 Rue Queen,10-18-2024 15:31,#1735,Oct 2024,059186762226,MASTERCARD,1
Mackey - 215 Rue Queen,10-18-2024 15:19,#1734,Oct 2024,,VISA,1
Mackey - 215 Rue Queen,10-18-2024 15:16,#1733,Oct 2024,045242853014,INTERAC,2
Mackey - 215 Rue Queen,10-18-2024 14:57,#1732,Oct 2024,191057620270,INTERAC,1
Mackey - 215 Rue Queen,10-18-2024 14:52,#1731,Oct 2024,023906768461,,1
Mackey - 215 Rue Queen,10-18-2024 14:11,#1730,Oct 2024,045242519200,INTERAC,1
Mackey - 215 Rue Queen,10-18-2024 14:11,#1730,Oct 2024,196458607189,INTERAC,1
Mackey - 215 Rue Queen,10-18-2024 13:18,#1729,Oct 2024,045242615742,INTERAC,1
Mackey - 215 Rue Queen,10-18-2024 13:18,#1729,Oct 2024,045242592241,INTERAC,1
Mackey - 215 Rue Queen,10-18-2024 13:07,#1728,Oct 2024,627693160370,INTERAC,1
Mackey - 215 Rue Queen,10-18-2024 12:50,#1727,Oct 2024,64655379,VISA,1
Mackey - 215 Rue Queen,10-18-2024 12:44,#1726,Oct 2024,070798734739,INTERAC,1
Mackey - 215 Rue Queen,10-18-2024 12:43,#1725,Oct 2024,196458604768,INTERAC,1
Mackey - 215 Rue Queen,10-18-2024 12:19,#1724,Oct 2024,191684455368,,1
Mackey - 215 Rue Queen,10-18-2024 11:38,#1723,Oct 2024,03996947,MASTERCARD,1
Mackey - 215 Rue Queen,10-18-2024 11:33,#1722,Oct 2024,059186747131,INTERAC,1
Mackey - 215 Rue Queen,10-18-2024 11:33,#1722,Oct 2024,059186742143,INTERAC,1
Mackey - 215 Rue Queen,10-18-2024 11:33,#1722,Oct 2024,059186747148,INTERAC,1
Mackey - 215 Rue Queen,10-18-2024 10:18,#1721,Oct 2024,623233707234,MASTERCARD,1
Mackey - 215 Rue Queen,10-18-2024 10:17,#1720,Oct 2024,712288130606,INTERAC,1
Mackey - 215 Rue Queen,10-18-2024 09:18,#1719,Oct 2024,191683932662,INTERAC,1
Mackey - 215 Rue Queen,10-18-2024 09:16,#1718,Oct 2024,084084732217,,1
Mackey - 215 Rue Queen,10-18-2024 09:16,#1718,Oct 2024,196458354311,,1
Mackey - 215 Rue Queen,10-18-2024 09:12,#1717,Oct 2024,059186135136,,1
Mackey - 215 Rue Queen,10-18-2024 09:10,#1716,Oct 2024,023906073091,INTERAC,1
Mackey - 215 Rue Queen,10-18-2024 08:46,#1715,Oct 2024,023906048549,MASTERCARD,1
Mackey - 215 Rue Queen,10-18-2024 08:33,#1714,Oct 2024,196458244308,INTERAC,1
Mackey - 215 Rue Queen,10-18-2024 08:33,#1714,Oct 2024,196458243790,INTERAC,1
Mackey - 215 Rue Queen,10-18-2024 08:31,#1713,Oct 2024,051141900407,VISA,3
Mackey - 215 Rue Queen,10-18-2024 08:31,#1713,Oct 2024,023906767570,VISA,1
Mackey - 215 Rue Queen,10-18-2024 08:31,#1713,Oct 2024,023906764975,VISA,2
Mackey - 215 Rue Queen,10-18-2024 08:31,#1713,Oct 2024,067735309488,VISA,2
Mackey - 215 Rue Queen,10-18-2024 08:31,#1713,Oct 2024,023906766443,VISA,2
Mackey - 215 Rue Queen,10-17-2024 17:56,#1712,Oct 2024,196458243899,INTERAC,1
Mackey - 215 Rue Queen,10-17-2024 17:56,#1712,Oct 2024,196458412608,INTERAC,1
Mackey - 215 Rue Queen,10-17-2024 17:56,#1712,Oct 2024,191683936165,INTERAC,1
Mackey - 215 Rue Queen,10-17-2024 16:07,#1711,Oct 2024,191057532795,INTERAC,1
Mackey - 215 Rue Queen,10-17-2024 16:07,#1711,Oct 2024,196458244032,INTERAC,1
Mackey - 215 Rue Queen,10-17-2024 15:21,#1710,Oct 2024,196458246517,VISA,1
Mackey - 215 Rue Queen,10-17-2024 12:19,#1709,Oct 2024,191683628824,,1
Mackey - 215 Rue Queen,10-17-2024 10:57,#1708,Oct 2024,760609585970,INTERAC,1
Mackey - 215 Rue Queen,10-17-2024 10:41,#1707,Oct 2024,023906770877,MASTERCARD,1
Mackey - 215 Rue Queen,10-16-2024 17:49,#1706,Oct 2024,090548221548,VISA,1
Mackey - 215 Rue Queen,10-16-2024 17:49,#1706,Oct 2024,061083049508,VISA,1
Mackey - 215 Rue Queen,10-16-2024 17:49,#1706,Oct 2024,023906777340,VISA,1
Mackey - 215 Rue Queen,10-16-2024 16:51,#1705,Oct 2024,196457612016,INTERAC,1
Mackey - 215 Rue Queen,10-16-2024 16:51,#1705,Oct 2024,191684577374,INTERAC,1
Mackey - 215 Rue Queen,10-16-2024 16:49,#1704,Oct 2024,76230163,,2
Mackey - 215 Rue Queen,10-16-2024 15:41,#1703,Oct 2024,196458681745,,1
Mackey - 215 Rue Queen,10-16-2024 13:05,#1702,Oct 2024,196457611255,VISA,1
Mackey - 215 Rue Queen,10-16-2024 13:00,#1701,Oct 2024,045242302529,INTERAC,1
Mackey - 215 Rue Queen,10-16-2024 12:53,#1700,Oct 2024,196458326233,INTERAC,1
Mackey - 215 Rue Queen,10-16-2024 12:38,#1699,Oct 2024,023906770099,VISA,1
Mackey - 215 Rue Queen,10-16-2024 11:48,#1698,Oct 2024,023906814793,"MASTERCARD, VISA",1
Mackey - 215 Rue Queen,10-16-2024 11:48,#1698,Oct 2024,023906028800,"MASTERCARD, VISA",4
Mackey - 215 Rue Queen,10-16-2024 11:27,#1697,Oct 2024,023906036942,INTERAC,1
Mackey - 215 Rue Queen,10-16-2024 11:27,#1697,Oct 2024,056438152040,INTERAC,1
Mackey - 215 Rue Queen,10-16-2024 11:27,#1697,Oct 2024,059186731192,INTERAC,1
,10-16-2024 11:17,#1696,Oct 2024,045242499380,,18
Mackey - 215 Rue Queen,10-16-2024 11:07,#1695,Oct 2024,061083002541,INTERAC,1
,10-16-2024 10:59,#1694,Oct 2024,60709139,,24
Mackey - 215 Rue Queen,10-16-2024 08:41,#1693,Oct 2024,059186747148,,1
Mackey - 215 Rue Queen,10-16-2024 08:41,#1693,Oct 2024,059186747155,,1
Mackey - 215 Rue Queen,10-16-2024 08:41,#1693,Oct 2024,023906762216,,1
Mackey - 215 Rue Queen,10-15-2024 17:23,#1692,Oct 2024,196458428593,INTERAC,1
Mackey - 215 Rue Queen,10-15-2024 17:23,#1692,Oct 2024,,INTERAC,1
Mackey - 215 Rue Queen,10-15-2024 17:21,#1691,Oct 2024,623233707159,VISA,1
Mackey - 215 Rue Queen,10-15-2024 16:17,#1690,Oct 2024,76230163,,2
Mackey - 215 Rue Queen,10-15-2024 16:01,#1689,Oct 2024,023906777371,MASTERCARD,1
Mackey - 215 Rue Queen,10-15-2024 15:31,#1688,Oct 2024,03873811,VISA,1
Mackey - 215 Rue Queen,10-15-2024 15:31,#1688,Oct 2024,99774739,VISA,1
Mackey - 215 Rue Queen,10-15-2024 15:31,#1688,Oct 2024,74346771,VISA,1
Mackey - 215 Rue Queen,10-15-2024 15:19,#1687,Oct 2024,76230163,INTERAC,5
Mackey - 215 Rue Queen,10-15-2024 14:37,#1686,Oct 2024,023906770129,MASTERCARD,1
Mackey - 215 Rue Queen,10-15-2024 14:37,#1686,Oct 2024,023906770099,MASTERCARD,1
Mackey - 215 Rue Queen,10-15-2024 11:42,#1685,Oct 2024,023906768522,INTERAC,1
Mackey - 215 Rue Queen,10-15-2024 09:56,#1684,Oct 2024,023906770877,"INTERAC, VISA",1
,10-15-2024 09:49,#1683,Oct 2024,045242350506,,1
Mackey - 215 Rue Queen,10-15-2024 08:26,#1682,Oct 2024,021301621114,INTERAC,1
,10-15-2024 07:36,#1681,Oct 2024,196458051364,VISA,1
,10-15-2024 07:36,#1681,Oct 2024,196458355059,VISA,1
,10-13-2024 17:53,#1680,Oct 2024,627693125430,VISA,1
Mackey - 215 Rue Queen,10-13-2024 12:49,#1679,Oct 2024,191683831156,INTERAC,1
Mackey - 215 Rue Queen,10-13-2024 12:49,#1679,Oct 2024,191683831866,INTERAC,1
Mackey - 215 Rue Queen,10-13-2024 12:33,#1678,Oct 2024,023906048778,INTERAC,1
Mackey - 215 Rue Queen,10-13-2024 12:33,#1678,Oct 2024,090548221548,INTERAC,1
Mackey - 215 Rue Queen,10-13-2024 12:17,#1677,Oct 2024,023906768522,VISA,1
Mackey - 215 Rue Queen,10-13-2024 11:32,#1676,Oct 2024,191683257352,,1
Mackey - 215 Rue Queen,10-13-2024 11:25,#1675,Oct 2024,023906770129,VISA,2
Mackey - 215 Rue Queen,10-13-2024 11:25,#1675,Oct 2024,059186731130,VISA,1
Mackey - 215 Rue Queen,10-13-2024 11:25,#1674,Oct 2024,191683831774,MASTERCARD,1
Mackey - 215 Rue Queen,10-13-2024 11:25,#1674,Oct 2024,191057548192,MASTERCARD,1
Mackey - 215 Rue Queen,10-13-2024 11:10,#1673,Oct 2024,023906152307,VISA,1
Mackey - 215 Rue Queen,10-13-2024 11:10,#1673,Oct 2024,074985003165,VISA,1
Mackey - 215 Rue Queen,10-13-2024 11:10,#1673,Oct 2024,074985005305,VISA,1
Mackey - 215 Rue Queen,10-13-2024 11:10,#1673,Oct 2024,604643385205,VISA,1
Mackey - 215 Rue Queen,10-13-2024 10:54,#1672,Oct 2024,059186731192,INTERAC,1
Mackey - 215 Rue Queen,10-13-2024 10:41,#1671,Oct 2024,191057549373,INTERAC,1
Mackey - 215 Rue Queen,10-13-2024 10:41,#1671,Oct 2024,58697235,INTERAC,1
Mackey - 215 Rue Queen,10-13-2024 09:46,#1670,Oct 2024,045242350506,VISA,1
Mackey - 215 Rue Queen,10-13-2024 09:46,#1670,Oct 2024,045242566297,VISA,1
Mackey - 215 Rue Queen,10-12-2024 11:10,#1669,Oct 2024,196458426377,MASTERCARD,1
Mackey - 215 Rue Queen,10-12-2024 11:10,#1669,Oct 2024,196458427107,MASTERCARD,1
Mackey - 215 Rue Queen,10-12-2024 11:04,#1668,Oct 2024,090548220985,VISA,1
,10-11-2024 18:50,#1667,Oct 2024,196458743856,VISA,1
Mackey - 215 Rue Queen,10-11-2024 18:12,#1666,Oct 2024,051071041751,MASTERCARD,1
Mackey - 215 Rue Queen,10-11-2024 18:12,#1666,Oct 2024,196458358050,MASTERCARD,1
Mackey - 215 Rue Queen,10-11-2024 17:48,#1665,Oct 2024,076174462227,MASTERCARD,1
Mackey - 215 Rue Queen,10-11-2024 17:48,#1665,Oct 2024,,MASTERCARD,1
Mackey - 215 Rue Queen,10-11-2024 17:48,#1665,Oct 2024,045242166930,MASTERCARD,1
Mackey - 215 Rue Queen,10-11-2024 17:15,#1664,Oct 2024,712288137810,VISA,1
Mackey - 215 Rue Queen,10-11-2024 17:14,#1663,Oct 2024,191684455610,INTERAC,1
Mackey - 215 Rue Queen,10-11-2024 17:05,#1662,Oct 2024,196458246159,INTERAC,1
Mackey - 215 Rue Queen,10-11-2024 16:26,#1661,Oct 2024,196458394263,INTERAC,1
Mackey - 215 Rue Queen,10-11-2024 16:24,#1660,Oct 2024,045242531691,INTERAC,1
Mackey - 215 Rue Queen,10-11-2024 16:21,#1659,Oct 2024,627693160646,,1
Mackey - 215 Rue Queen,10-11-2024 15:09,#1658,Oct 2024,023906046392,MASTERCARD,1
Mackey - 215 Rue Queen,10-11-2024 14:43,#1657,Oct 2024,772436108222,,1
Mackey - 215 Rue Queen,10-11-2024 14:32,#1656,Oct 2024,023906777401,VISA,2
Mackey - 215 Rue Queen,10-11-2024 14:29,#1655,Oct 2024,191057619960,INTERAC,1
Mackey - 215 Rue Queen,10-11-2024 14:13,#1654,Oct 2024,023906778392,VISA,1
Mackey - 215 Rue Queen,10-11-2024 14:13,#1654,Oct 2024,064784160039,VISA,2
Mackey - 215 Rue Queen,10-11-2024 14:13,#1654,Oct 2024,059186747148,VISA,1
Mackey - 215 Rue Queen,10-11-2024 14:13,#1654,Oct 2024,023906770099,VISA,2
Mackey - 215 Rue Queen,10-11-2024 13:48,#1653,Oct 2024,023906814793,VISA,4
Mackey - 215 Rue Queen,10-11-2024 13:48,#1653,Oct 2024,023906028800,VISA,4
Mackey - 215 Rue Queen,10-11-2024 13:48,#1653,Oct 2024,023906777272,VISA,6
Mackey - 215 Rue Queen,10-11-2024 13:48,#1653,Oct 2024,023906778392,VISA,2
Mackey - 215 Rue Queen,10-11-2024 13:00,#1652,Oct 2024,772436806777,INTERAC,1
Mackey - 215 Rue Queen,10-11-2024 12:47,#1651,Oct 2024,023906768492,INTERAC,1
Mackey - 215 Rue Queen,10-11-2024 12:20,#1650,Oct 2024,023906768386,VISA,1
Mackey - 215 Rue Queen,10-11-2024 12:07,#1649,Oct 2024,083625612629,VISA,1
Mackey - 215 Rue Queen,10-11-2024 12:07,#1649,Oct 2024,191683218209,VISA,1
Mackey - 215 Rue Queen,10-11-2024 12:07,#1649,Oct 2024,084084239952,VISA,1
Mackey - 215 Rue Queen,10-11-2024 11:41,#1648,Oct 2024,059186740835,VISA,1
Mackey - 215 Rue Queen,10-11-2024 10:27,#1647,Oct 2024,196458352782,INTERAC,1
Mackey - 215 Rue Queen,10-11-2024 10:27,#1647,Oct 2024,196458355059,INTERAC,1
Mackey - 215 Rue Queen,10-11-2024 10:21,#1646,Oct 2024,059186730669,VISA,1
Mackey - 215 Rue Queen,10-11-2024 10:21,#1646,Oct 2024,059186730249,VISA,1
Mackey - 215 Rue Queen,10-11-2024 10:15,#1645,Oct 2024,637198011657,INTERAC,1
Mackey - 215 Rue Queen,10-11-2024 10:05,#1644,Oct 2024,045242566129,INTERAC,1
,10-11-2024 10:03,#1643,Oct 2024,98556179,,10
,10-11-2024 10:03,#1643,Oct 2024,52122899,,20
Mackey - 215 Rue Queen,10-11-2024 09:48,#1642,Oct 2024,70193171,INTERAC,1
Mackey - 215 Rue Queen,10-11-2024 09:48,#1642,Oct 2024,196458356315,INTERAC,1
Mackey - 215 Rue Queen,10-11-2024 08:43,#1641,Oct 2024,045242772018,MASTERCARD,1
Mackey - 215 Rue Queen,10-11-2024 08:43,#1641,Oct 2024,045242293261,MASTERCARD,1
Mackey - 215 Rue Queen,10-11-2024 08:29,#1640,Oct 2024,059186188163,INTERAC,2
,10-10-2024 19:03,#1639,Oct 2024,196458681271,VISA,1
Mackey - 215 Rue Queen,10-10-2024 17:56,#1638,Oct 2024,072874000967,,1
Mackey - 215 Rue Queen,10-10-2024 17:52,#1637,Oct 2024,627693160639,INTERAC,1
Mackey - 215 Rue Queen,10-10-2024 17:21,#1636,Oct 2024,023906768522,VISA,1
Mackey - 215 Rue Queen,10-10-2024 16:46,#1635,Oct 2024,023906765026,VISA,2
Mackey - 215 Rue Queen,10-10-2024 15:46,#1634,Oct 2024,045242195572,VISA,1
Mackey - 215 Rue Queen,10-10-2024 15:46,#1634,Oct 2024,045242561100,VISA,1
Mackey - 215 Rue Queen,10-10-2024 15:44,#1633,Oct 2024,023906770877,"INTERAC, MASTERCARD",1
Mackey - 215 Rue Queen,10-10-2024 15:12,#1632,Oct 2024,890613001088,INTERAC,1
Mackey - 215 Rue Queen,10-10-2024 15:09,#1631,Oct 2024,045242566297,MASTERCARD,1
Mackey - 215 Rue Queen,10-10-2024 14:41,#1630,Oct 2024,059186730669,VISA,2
Mackey - 215 Rue Queen,10-10-2024 14:41,#1630,Oct 2024,023906767952,VISA,1
Mackey - 215 Rue Queen,10-10-2024 14:41,#1630,Oct 2024,023906048532,VISA,1
Mackey - 215 Rue Queen,10-10-2024 14:41,#1630,Oct 2024,059186762110,VISA,2
Mackey - 215 Rue Queen,10-10-2024 14:22,#1629,Oct 2024,816078008127,MASTERCARD,1
Mackey - 215 Rue Queen,10-10-2024 14:17,#1628,Oct 2024,623233540671,MASTERCARD,1
Mackey - 215 Rue Queen,10-10-2024 12:53,#1627,Oct 2024,191683057037,INTERAC,1
Mackey - 215 Rue Queen,10-10-2024 12:53,#1627,Oct 2024,196458357022,INTERAC,1
Mackey - 215 Rue Queen,10-10-2024 12:53,#1627,Oct 2024,051071459013,INTERAC,1
Mackey - 215 Rue Queen,10-10-2024 12:28,#1626,Oct 2024,023906770099,VISA,1
Mackey - 215 Rue Queen,10-10-2024 12:28,#1626,Oct 2024,068097311195,VISA,1
Mackey - 215 Rue Queen,10-10-2024 12:28,#1626,Oct 2024,023906777272,VISA,1
Mackey - 215 Rue Queen,10-10-2024 12:26,#1625,Oct 2024,191684455405,INTERAC,1
Mackey - 215 Rue Queen,10-10-2024 10:12,#1624,Oct 2024,023906768324,VISA,2
Mackey - 215 Rue Queen,10-10-2024 10:12,#1624,Oct 2024,059186747643,VISA,2
Mackey - 215 Rue Queen,10-10-2024 10:07,#1623,Oct 2024,023906767969,VISA,1
Mackey - 215 Rue Queen,10-10-2024 10:07,#1623,Oct 2024,023906764968,VISA,3
Mackey - 215 Rue Queen,10-10-2024 10:07,#1623,Oct 2024,023906767556,VISA,3
Mackey - 215 Rue Queen,10-10-2024 10:07,#1623,Oct 2024,059186747582,VISA,3
Mackey - 215 Rue Queen,10-10-2024 08:56,#1622,Oct 2024,023906763046,INTERAC,1
Mackey - 215 Rue Queen,10-09-2024 14:10,#1621,Oct 2024,772436045671,INTERAC,1
Mackey - 215 Rue Queen,10-09-2024 13:58,#1620,Oct 2024,045242092659,,1
Mackey - 215 Rue Queen,10-09-2024 13:58,#1620,Oct 2024,045242193097,,1
Mackey - 215 Rue Queen,10-09-2024 13:15,#1619,Oct 2024,059186762226,INTERAC,1
Mackey - 215 Rue Queen,10-09-2024 13:15,#1619,Oct 2024,064784160039,INTERAC,1
Mackey - 215 Rue Queen,10-09-2024 11:41,#1618,Oct 2024,023906770099,MASTERCARD,3
Mackey - 215 Rue Queen,10-09-2024 10:01,#1617,Oct 2024,069606000319,VISA,1
,10-09-2024 09:39,#1616,Oct 2024,,,1
Mackey - 215 Rue Queen,10-08-2024 16:45,#1615,Oct 2024,717012188427,,1
Mackey - 215 Rue Queen,10-08-2024 16:40,#1614,Oct 2024,670750319693,,1
Mackey - 215 Rue Queen,10-08-2024 16:36,#1613,Oct 2024,717205894760,INTERAC,1
Mackey - 215 Rue Queen,10-08-2024 16:03,#1612,Oct 2024,76230163,INTERAC,6
Mackey - 215 Rue Queen,10-08-2024 15:03,#1611,Oct 2024,76230163,INTERAC,4
Mackey - 215 Rue Queen,10-08-2024 15:03,#1611,Oct 2024,191057532825,INTERAC,1
Mackey - 215 Rue Queen,10-08-2024 15:03,#1611,Oct 2024,076174337303,INTERAC,1
,10-08-2024 13:30,#1610,Oct 2024,627693131523,,1
,10-08-2024 13:30,#1610,Oct 2024,627693139420,,1
Mackey - 215 Rue Queen,10-08-2024 12:00,#1609,Oct 2024,045242193486,,1
Mackey - 215 Rue Queen,10-08-2024 12:00,#1609,Oct 2024,045242601561,,1
Mackey - 215 Rue Queen,10-08-2024 11:33,#1608,Oct 2024,051141900407,MASTERCARD,1
Mackey - 215 Rue Queen,10-08-2024 11:32,#1607,Oct 2024,196458426551,INTERAC,1
Mackey - 215 Rue Queen,10-08-2024 11:32,#1607,Oct 2024,712288125831,INTERAC,1
Mackey - 215 Rue Queen,10-08-2024 11:05,#1606,Oct 2024,686226252197,INTERAC,1
Mackey - 215 Rue Queen,10-08-2024 11:05,#1606,Oct 2024,076607026163,INTERAC,1
Mackey - 215 Rue Queen,10-08-2024 11:05,#1606,Oct 2024,076607431400,INTERAC,1
Mackey - 215 Rue Queen,10-08-2024 11:05,#1606,Oct 2024,023906777371,INTERAC,1
Mackey - 215 Rue Queen,10-08-2024 10:45,#1605,Oct 2024,76230163,,3
,10-08-2024 10:20,#1604,Oct 2024,,,5
Mackey - 215 Rue Queen,10-08-2024 08:11,#1603,Oct 2024,023906765408,VISA,1
Mackey - 215 Rue Queen,10-07-2024 17:42,#1602,Oct 2024,627693135293,VISA,1
Mackey - 215 Rue Queen,10-07-2024 16:40,#1601,Oct 2024,023906770556,MASTERCARD,1
Mackey - 215 Rue Queen,10-07-2024 16:40,#1601,Oct 2024,059186747599,MASTERCARD,1
Mackey - 215 Rue Queen,10-07-2024 16:17,#1600,Oct 2024,023906770877,VISA,1
Mackey - 215 Rue Queen,10-07-2024 15:28,#1599,Oct 2024,045242499380,INTERAC,1
Mackey - 215 Rue Queen,10-07-2024 15:28,#1599,Oct 2024,045242324972,INTERAC,1
Mackey - 215 Rue Queen,10-07-2024 14:26,#1598,Oct 2024,760609585987,INTERAC,1
Mackey - 215 Rue Queen,10-07-2024 14:26,#1598,Oct 2024,196458131905,INTERAC,1
Mackey - 215 Rue Queen,10-07-2024 13:54,#1597,Oct 2024,196458415869,INTERAC,1
Mackey - 215 Rue Queen,10-07-2024 13:54,#1597,Oct 2024,760609445199,INTERAC,1
Mackey - 215 Rue Queen,10-07-2024 12:34,#1596,Oct 2024,196458427305,MASTERCARD,1
Mackey - 215 Rue Queen,10-07-2024 11:30,#1595,Oct 2024,023906770129,INTERAC,1
Mackey - 215 Rue Queen,10-07-2024 11:30,#1595,Oct 2024,059186762134,INTERAC,1
Mackey - 215 Rue Queen,10-07-2024 11:30,#1595,Oct 2024,059186762110,INTERAC,1
Mackey - 215 Rue Queen,10-07-2024 10:58,#1594,Oct 2024,773341600108,INTERAC,1
Mackey - 215 Rue Queen,10-07-2024 10:45,#1593,Oct 2024,070798734463,VISA,2
Mackey - 215 Rue Queen,10-07-2024 10:45,#1593,Oct 2024,023906152307,VISA,2
Mackey - 215 Rue Queen,10-07-2024 10:45,#1593,Oct 2024,873437001205,VISA,1
Mackey - 215 Rue Queen,10-07-2024 10:45,#1593,Oct 2024,070798748750,VISA,1
Mackey - 215 Rue Queen,10-07-2024 10:45,#1593,Oct 2024,091511600063,VISA,1
Mackey - 215 Rue Queen,10-07-2024 10:45,#1593,Oct 2024,074985003165,VISA,1
Mackey - 215 Rue Queen,10-07-2024 10:45,#1593,Oct 2024,689133311186,VISA,1
Mackey - 215 Rue Queen,10-07-2024 10:42,#1592,Oct 2024,196458602351,INTERAC,1
Mackey - 215 Rue Queen,10-07-2024 10:24,#1591,Oct 2024,045242253166,,1
,10-07-2024 10:10,#1590,Oct 2024,023906777401,,3
,10-07-2024 10:10,#1590,Oct 2024,023906028800,,3
Mackey - 215 Rue Queen,10-07-2024 09:50,#1589,Oct 2024,196458257704,MASTERCARD,1
Mackey - 215 Rue Queen,10-07-2024 09:50,#1589,Oct 2024,196458429330,MASTERCARD,1
Mackey - 215 Rue Queen,10-07-2024 09:47,#1588,Oct 2024,196458394218,VISA,1
Mackey - 215 Rue Queen,10-07-2024 09:47,#1588,Oct 2024,717012188441,VISA,1
Mackey - 215 Rue Queen,10-07-2024 09:47,#1588,Oct 2024,717205894760,VISA,1
Mackey - 215 Rue Queen,10-06-2024 12:59,#1587,Oct 2024,191057532467,,1
Mackey - 215 Rue Queen,10-06-2024 12:59,#1587,Oct 2024,760609445182,,1
Mackey - 215 Rue Queen,10-06-2024 12:35,#1586,Oct 2024,083622632439,VISA,1
Mackey - 215 Rue Queen,10-06-2024 12:35,#1586,Oct 2024,191683218346,VISA,1
Mackey - 215 Rue Queen,10-06-2024 12:10,#1585,Oct 2024,774196296607,INTERAC,1
Mackey - 215 Rue Queen,10-06-2024 11:54,#1584,Oct 2024,196458429279,VISA,1
Mackey - 215 Rue Queen,10-06-2024 11:54,#1584,Oct 2024,196458428593,VISA,1
Mackey - 215 Rue Queen,10-06-2024 11:54,#1584,Oct 2024,196458326578,VISA,1
Mackey - 215 Rue Queen,10-06-2024 11:54,#1584,Oct 2024,196458326240,VISA,1
Mackey - 215 Rue Queen,10-06-2024 11:54,#1584,Oct 2024,196458352454,VISA,1
Mackey - 215 Rue Queen,10-06-2024 11:54,#1584,Oct 2024,196458426377,VISA,1
Mackey - 215 Rue Queen,10-06-2024 11:54,#1584,Oct 2024,191683934178,VISA,1
Mackey - 215 Rue Queen,10-06-2024 10:46,#1583,Oct 2024,196458354113,,1
Mackey - 215 Rue Queen,10-06-2024 10:46,#1583,Oct 2024,191683818225,,1
Mackey - 215 Rue Queen,10-06-2024 10:45,#1582,Oct 2024,196458609060,INTERAC,1
Mackey - 215 Rue Queen,10-06-2024 10:45,#1582,Oct 2024,196458604324,INTERAC,1
Mackey - 215 Rue Queen,10-06-2024 10:23,#1581,Oct 2024,191683932617,MASTERCARD,1
Mackey - 215 Rue Queen,10-06-2024 10:23,#1581,Oct 2024,191683257338,MASTERCARD,1
Mackey - 215 Rue Queen,10-06-2024 09:23,#1580,Oct 2024,196458602320,INTERAC,1
Mackey - 215 Rue Queen,10-05-2024 17:08,#1579,Oct 2024,090548221548,INTERAC,1
Mackey - 215 Rue Queen,10-05-2024 13:33,#1578,Oct 2024,196458602085,INTERAC,1
Mackey - 215 Rue Queen,10-05-2024 12:59,#1577,Oct 2024,059186740835,INTERAC,1
Mackey - 215 Rue Queen,10-05-2024 12:59,#1577,Oct 2024,023906073077,INTERAC,1
Mackey - 215 Rue Queen,10-05-2024 12:59,#1577,Oct 2024,059186762073,INTERAC,1
Mackey - 215 Rue Queen,10-05-2024 12:59,#1577,Oct 2024,059186743805,INTERAC,1
Mackey - 215 Rue Queen,10-05-2024 12:53,#1576,Oct 2024,196458353000,INTERAC,1
Mackey - 215 Rue Queen,10-05-2024 12:52,#1575,Oct 2024,084084240330,MASTERCARD,1
Mackey - 215 Rue Queen,10-05-2024 12:52,#1575,Oct 2024,196458244315,MASTERCARD,1
Mackey - 215 Rue Queen,10-05-2024 12:50,#1574,Oct 2024,059186730751,,1
Mackey - 215 Rue Queen,10-05-2024 12:50,#1574,Oct 2024,023906048563,,1
Mackey - 215 Rue Queen,10-05-2024 12:48,#1573,Oct 2024,,MASTERCARD,1
Mackey - 215 Rue Queen,10-05-2024 12:48,#1573,Oct 2024,196458680885,MASTERCARD,1
Mackey - 215 Rue Queen,10-05-2024 11:55,#1572,Oct 2024,071497152374,INTERAC,1
Mackey - 215 Rue Queen,10-05-2024 11:55,#1572,Oct 2024,023906768348,INTERAC,1
Mackey - 215 Rue Queen,10-05-2024 11:55,#1572,Oct 2024,071497152381,INTERAC,1
Mackey - 215 Rue Queen,10-05-2024 11:55,#1572,Oct 2024,059186731192,INTERAC,1
Mackey - 215 Rue Queen,10-05-2024 11:53,#1571,Oct 2024,023906152260,INTERAC,1
Mackey - 215 Rue Queen,10-05-2024 11:53,#1571,Oct 2024,716341015954,INTERAC,1
Mackey - 215 Rue Queen,10-05-2024 11:49,#1570,Oct 2024,196458429347,VISA,1
Mackey - 215 Rue Queen,10-05-2024 11:49,#1570,Oct 2024,196458326875,VISA,1
Mackey - 215 Rue Queen,10-05-2024 11:27,#1569,Oct 2024,023906768249,MASTERCARD,1
Mackey - 215 Rue Queen,10-05-2024 11:13,#1568,Oct 2024,196458412455,MASTERCARD,1
Mackey - 215 Rue Queen,10-05-2024 11:07,#1567,Oct 2024,070798734739,VISA,1
Mackey - 215 Rue Queen,10-05-2024 10:42,#1566,Oct 2024,041343012022,VISA,1
Mackey - 215 Rue Queen,10-05-2024 10:29,#1565,Oct 2024,023906777401,VISA,3
Mackey - 215 Rue Queen,10-05-2024 10:29,#1565,Oct 2024,023906763046,VISA,1
Mackey - 215 Rue Queen,10-05-2024 10:29,#1565,Oct 2024,023906782283,VISA,1
Mackey - 215 Rue Queen,10-05-2024 10:05,#1564,Oct 2024,059186745212,,1
Mackey - 215 Rue Queen,10-05-2024 09:42,#1563,Oct 2024,873437001311,INTERAC,1
Mackey - 215 Rue Queen,10-04-2024 17:10,#1562,Oct 2024,98094355,INTERAC,1
Mackey - 215 Rue Queen,10-04-2024 17:10,#1562,Oct 2024,196458245558,INTERAC,1
Mackey - 215 Rue Queen,10-04-2024 17:10,#1562,Oct 2024,196458413506,INTERAC,1
Mackey - 215 Rue Queen,10-04-2024 17:10,#1562,Oct 2024,91799315,INTERAC,1
Mackey - 215 Rue Queen,10-04-2024 17:07,#1561,Oct 2024,11304211,INTERAC,1
Mackey - 215 Rue Queen,10-04-2024 17:02,#1560,Oct 2024,191683932655,MASTERCARD,1
Mackey - 215 Rue Queen,10-04-2024 17:02,#1560,Oct 2024,637198011459,MASTERCARD,1
Mackey - 215 Rue Queen,10-04-2024 16:50,#1559,Oct 2024,023906763053,VISA,1
Mackey - 215 Rue Queen,10-04-2024 16:50,#1559,Oct 2024,023906762964,VISA,1
Mackey - 215 Rue Queen,10-04-2024 16:49,#1558,Oct 2024,196458257728,MASTERCARD,1
Mackey - 215 Rue Queen,10-04-2024 16:49,#1558,Oct 2024,191057620034,MASTERCARD,1
Mackey - 215 Rue Queen,10-04-2024 16:18,#1557,Oct 2024,196458609046,MASTERCARD,1
Mackey - 215 Rue Queen,10-04-2024 15:58,#1556,Oct 2024,023906779801,MASTERCARD,1
Mackey - 215 Rue Queen,10-04-2024 15:50,#1555,Oct 2024,191684577381,VISA,1
Mackey - 215 Rue Queen,10-04-2024 15:35,#1554,Oct 2024,191056070366,INTERAC,1
Mackey - 215 Rue Queen,10-04-2024 15:33,#1553,Oct 2024,023906763053,MASTERCARD,1
Mackey - 215 Rue Queen,10-04-2024 15:33,#1553,Oct 2024,873437001205,MASTERCARD,1
Mackey - 215 Rue Queen,10-04-2024 15:33,#1553,Oct 2024,059186762080,MASTERCARD,1
Mackey - 215 Rue Queen,10-04-2024 15:33,#1553,Oct 2024,059186743805,MASTERCARD,2
Mackey - 215 Rue Queen,10-04-2024 14:38,#1552,Oct 2024,637198011565,INTERAC,1
Mackey - 215 Rue Queen,10-04-2024 13:56,#1551,Oct 2024,196457943998,INTERAC,1
Mackey - 215 Rue Queen,10-04-2024 13:56,#1551,Oct 2024,24919827,INTERAC,1
Mackey - 215 Rue Queen,10-04-2024 13:56,#1551,Oct 2024,191684012226,INTERAC,1
Mackey - 215 Rue Queen,10-04-2024 13:49,#1550,Oct 2024,045242537310,VISA,1
Mackey - 215 Rue Queen,10-04-2024 13:49,#1550,Oct 2024,062703282329,VISA,4
Mackey - 215 Rue Queen,10-04-2024 13:49,#1550,Oct 2024,062703013800,VISA,2
Mackey - 215 Rue Queen,10-04-2024 13:49,#1550,Oct 2024,741474046131,VISA,1
Mackey - 215 Rue Queen,10-04-2024 12:42,#1549,Oct 2024,084084239846,INTERAC,1
Mackey - 215 Rue Queen,10-04-2024 12:42,#1549,Oct 2024,760609585888,INTERAC,1
Mackey - 215 Rue Queen,10-04-2024 12:42,#1548,Oct 2024,191057532603,INTERAC,1
Mackey - 215 Rue Queen,10-04-2024 12:42,#1548,Oct 2024,191683253095,INTERAC,1
Mackey - 215 Rue Queen,10-04-2024 12:39,#1547,Oct 2024,191683818232,INTERAC,1
Mackey - 215 Rue Queen,10-04-2024 12:26,#1546,Oct 2024,045242520893,MASTERCARD,1
Mackey - 215 Rue Queen,10-04-2024 10:32,#1545,Oct 2024,023906770099,INTERAC,1
Mackey - 215 Rue Queen,10-04-2024 10:25,#1544,Oct 2024,023906768270,VISA,1
Mackey - 215 Rue Queen,10-04-2024 10:09,#1543,Oct 2024,627693160363,MASTERCARD,1
Mackey - 215 Rue Queen,10-04-2024 10:08,#1542,Oct 2024,083622064100,INTERAC,1
Mackey - 215 Rue Queen,10-03-2024 16:58,#1541,Oct 2024,059186762073,INTERAC,1
Mackey - 215 Rue Queen,10-03-2024 16:58,#1541,Oct 2024,059186135136,INTERAC,1
Mackey - 215 Rue Queen,10-03-2024 16:58,#1541,Oct 2024,023906768621,INTERAC,1
Mackey - 215 Rue Queen,10-03-2024 16:55,#1540,Oct 2024,032664487439,VISA,1
Mackey - 215 Rue Queen,10-03-2024 15:26,#1539,Oct 2024,191683628763,MASTERCARD,1
Mackey - 215 Rue Queen,10-03-2024 15:13,#1538,Oct 2024,083622633146,INTERAC,1
Mackey - 215 Rue Queen,10-03-2024 14:37,#1537,Oct 2024,,,2
Mackey - 215 Rue Queen,10-03-2024 13:58,#1536,Oct 2024,196458743849,,1
Mackey - 215 Rue Queen,10-03-2024 13:58,#1536,Oct 2024,196458743856,,1
Mackey - 215 Rue Queen,10-03-2024 13:26,#1535,Oct 2024,09092883,INTERAC,1
Mackey - 215 Rue Queen,10-03-2024 13:06,#1534,Oct 2024,99676435,,1
Mackey - 215 Rue Queen,10-03-2024 13:06,#1534,Oct 2024,74215699,,1
Mackey - 215 Rue Queen,10-03-2024 12:54,#1533,Oct 2024,045242616367,,1
Mackey - 215 Rue Queen,10-03-2024 12:54,#1533,Oct 2024,196458554278,,1
Mackey - 215 Rue Queen,10-03-2024 12:54,#1533,Oct 2024,196458243691,,1
Mackey - 215 Rue Queen,10-03-2024 12:54,#1533,Oct 2024,196458244292,,1
Mackey - 215 Rue Queen,10-03-2024 12:44,#1532,Oct 2024,045734633537,,2
Mackey - 215 Rue Queen,10-03-2024 11:46,#1531,Oct 2024,196458412172,INTERAC,1
Mackey - 215 Rue Queen,10-03-2024 11:46,#1531,Oct 2024,191057548192,INTERAC,1
Mackey - 215 Rue Queen,10-03-2024 11:39,#1530,Oct 2024,023906757854,INTERAC,1
Mackey - 215 Rue Queen,10-03-2024 10:52,#1529,Oct 2024,805035010297,,1
Mackey - 215 Rue Queen,10-03-2024 10:44,#1528,Oct 2024,023906757847,INTERAC,2
Mackey - 215 Rue Queen,10-03-2024 10:44,#1528,Oct 2024,059186747582,INTERAC,1
Mackey - 215 Rue Queen,10-02-2024 17:12,#1527,Oct 2024,76468755,INTERAC,3
Mackey - 215 Rue Queen,10-02-2024 17:12,#1527,Oct 2024,02661395,INTERAC,3
Mackey - 215 Rue Queen,10-02-2024 16:46,#1526,Oct 2024,086348088443,INTERAC,1
Mackey - 215 Rue Queen,10-02-2024 16:36,#1525,Oct 2024,045242293681,VISA,1
Mackey - 215 Rue Queen,10-02-2024 16:36,#1525,Oct 2024,045242616336,VISA,1
Mackey - 215 Rue Queen,10-02-2024 16:25,#1524,Oct 2024,023906768324,VISA,1
Mackey - 215 Rue Queen,10-02-2024 16:25,#1524,Oct 2024,064784021408,VISA,1
Mackey - 215 Rue Queen,10-02-2024 15:35,#1523,Oct 2024,023906770112,VISA,1
Mackey - 215 Rue Queen,10-02-2024 15:29,#1522,Oct 2024,070798784253,VISA,1
Mackey - 215 Rue Queen,10-02-2024 15:29,#1522,Oct 2024,059186740835,VISA,2
Mackey - 215 Rue Queen,10-02-2024 15:29,#1522,Oct 2024,023906768522,VISA,2
Mackey - 215 Rue Queen,10-02-2024 15:14,#1521,Oct 2024,023906770556,,1
Mackey - 215 Rue Queen,10-02-2024 13:34,#1520,Oct 2024,021301621114,VISA,1
Mackey - 215 Rue Queen,10-02-2024 13:32,#1519,Oct 2024,067735309488,INTERAC,2
Mackey - 215 Rue Queen,10-02-2024 13:32,#1519,Oct 2024,682994820217,INTERAC,1
Mackey - 215 Rue Queen,10-02-2024 12:49,#1518,Oct 2024,196458325960,VISA,1
Mackey - 215 Rue Queen,10-02-2024 12:29,#1517,Oct 2024,066395031340,VISA,1
Mackey - 215 Rue Queen,10-02-2024 12:29,#1517,Oct 2024,076607026200,VISA,1
Mackey - 215 Rue Queen,10-02-2024 12:29,#1517,Oct 2024,076607026224,VISA,1
Mackey - 215 Rue Queen,10-02-2024 12:29,#1517,Oct 2024,066395045149,VISA,1
Mackey - 215 Rue Queen,10-02-2024 12:07,#1516,Oct 2024,023906763190,MASTERCARD,1
Mackey - 215 Rue Queen,10-02-2024 12:07,#1516,Oct 2024,090548221548,MASTERCARD,1
Mackey - 215 Rue Queen,10-02-2024 12:07,#1516,Oct 2024,023906048600,MASTERCARD,1
Mackey - 215 Rue Queen,10-02-2024 12:07,#1516,Oct 2024,023906036911,MASTERCARD,1
Mackey - 215 Rue Queen,10-02-2024 09:30,#1515,Oct 2024,071497118707,INTERAC,2
Mackey - 215 Rue Queen,10-02-2024 09:27,#1514,Oct 2024,068097311195,INTERAC,1
Mackey - 215 Rue Queen,10-01-2024 16:41,#1513,Oct 2024,,INTERAC,1
Mackey - 215 Rue Queen,10-01-2024 16:37,#1512,Oct 2024,023906770129,INTERAC,1
Mackey - 215 Rue Queen,10-01-2024 16:37,#1512,Oct 2024,023906768393,INTERAC,1
Mackey - 215 Rue Queen,10-01-2024 16:37,#1512,Oct 2024,059186731192,INTERAC,1
Mackey - 215 Rue Queen,10-01-2024 16:20,#1511,Oct 2024,196457613464,VISA,1
Mackey - 215 Rue Queen,10-01-2024 16:20,#1511,Oct 2024,083624743928,VISA,1
Mackey - 215 Rue Queen,10-01-2024 16:12,#1510,Oct 2024,76230163,INTERAC,5
Mackey - 215 Rue Queen,10-01-2024 16:06,#1509,Oct 2024,023906779801,INTERAC,1
Mackey - 215 Rue Queen,10-01-2024 16:06,#1509,Oct 2024,064784160053,INTERAC,1
Mackey - 215 Rue Queen,10-01-2024 14:33,#1508,Oct 2024,076607012203,VISA,1
Mackey - 215 Rue Queen,10-01-2024 14:33,#1508,Oct 2024,045242509195,VISA,1
Mackey - 215 Rue Queen,10-01-2024 14:33,#1508,Oct 2024,023906757847,VISA,1
Mackey - 215 Rue Queen,10-01-2024 13:47,#1507,Oct 2024,191056523404,INTERAC,1
Mackey - 215 Rue Queen,10-01-2024 13:47,#1507,Oct 2024,196457801168,INTERAC,1
Mackey - 215 Rue Queen,10-01-2024 13:09,#1506,Oct 2024,638060075005,INTERAC,1
Mackey - 215 Rue Queen,10-01-2024 13:09,#1506,Oct 2024,191684577404,INTERAC,1
Mackey - 215 Rue Queen,10-01-2024 13:09,#1506,Oct 2024,638060661574,INTERAC,1
Mackey - 215 Rue Queen,10-01-2024 12:37,#1505,Oct 2024,191683818249,,1
Mackey - 215 Rue Queen,10-01-2024 12:16,#1504,Oct 2024,023906768423,MASTERCARD,2
Mackey - 215 Rue Queen,10-01-2024 11:39,#1503,Oct 2024,090548221548,VISA,1
Mackey - 215 Rue Queen,10-01-2024 11:39,#1503,Oct 2024,873437001205,VISA,1
Mackey - 215 Rue Queen,10-01-2024 11:39,#1503,Oct 2024,023906762209,VISA,1
Mackey - 215 Rue Queen,10-01-2024 10:35,#1502,Oct 2024,84490003,,1
Mackey - 215 Rue Queen,10-01-2024 10:35,#1502,Oct 2024,03021843,,2
Mackey - 215 Rue Queen,10-01-2024 10:20,#1501,Oct 2024,023906768270,VISA,1
Mackey - 215 Rue Queen,10-01-2024 10:09,#1500,Oct 2024,023906768324,VISA,2
Mackey - 215 Rue Queen,10-01-2024 10:09,#1500,Oct 2024,023906768522,VISA,2
Mackey - 215 Rue Queen,10-01-2024 09:48,#1499,Oct 2024,064784021408,VISA,3
Mackey - 215 Rue Queen,10-01-2024 09:48,#1499,Oct 2024,059186745069,VISA,1
Mackey - 215 Rue Queen,10-01-2024 09:45,#1498,Oct 2024,023906768461,VISA,1
Mackey - 215 Rue Queen,10-01-2024 09:45,#1498,Oct 2024,059186747155,VISA,1
Mackey - 215 Rue Queen,10-01-2024 08:34,#1497,Oct 2024,052427010483,INTERAC,1
Mackey - 215 Rue Queen,09-30-2024 15:39,#1496,Sep 2024,045242325078,VISA,1
Mackey - 215 Rue Queen,09-30-2024 15:17,#1495,Sep 2024,023906768188,VISA,3
Mackey - 215 Rue Queen,09-30-2024 14:41,#1494,Sep 2024,873437001205,VISA,1
Mackey - 215 Rue Queen,09-30-2024 14:41,#1494,Sep 2024,059186730669,VISA,2
Mackey - 215 Rue Queen,09-30-2024 14:41,#1494,Sep 2024,059186747599,VISA,1
Mackey - 215 Rue Queen,09-30-2024 14:41,#1494,Sep 2024,023906770877,VISA,3
Mackey - 215 Rue Queen,09-30-2024 14:31,#1493,Sep 2024,772436701836,INTERAC,1
Mackey - 215 Rue Queen,09-30-2024 14:31,#1493,Sep 2024,070798734739,INTERAC,1
Mackey - 215 Rue Queen,09-30-2024 13:51,#1492,Sep 2024,716341015930,MASTERCARD,1
Mackey - 215 Rue Queen,09-30-2024 13:51,#1492,Sep 2024,066395130234,MASTERCARD,1
Mackey - 215 Rue Queen,09-30-2024 13:51,#1492,Sep 2024,059186730751,MASTERCARD,3
Mackey - 215 Rue Queen,09-30-2024 13:51,#1492,Sep 2024,059186730249,MASTERCARD,2
Mackey - 215 Rue Queen,09-30-2024 12:43,#1491,Sep 2024,058391020107,VISA,3
Mackey - 215 Rue Queen,09-30-2024 12:43,#1491,Sep 2024,023906770891,VISA,1
Mackey - 215 Rue Queen,09-30-2024 12:43,#1491,Sep 2024,023906770556,VISA,3
Mackey - 215 Rue Queen,09-30-2024 12:18,#1490,Sep 2024,063912427945,VISA,1
Mackey - 215 Rue Queen,09-30-2024 10:53,#1489,Sep 2024,191684012011,VISA,1
,09-30-2024 10:12,#1488,Sep 2024,52122899,,18
,09-30-2024 10:12,#1488,Sep 2024,59135251,,4
,09-30-2024 10:12,#1488,Sep 2024,98556179,,5
Mackey - 215 Rue Queen,09-30-2024 09:41,#1487,Sep 2024,023906768386,MASTERCARD,1
Mackey - 215 Rue Queen,09-29-2024 13:08,#1486,Sep 2024,023906763138,,1
Mackey - 215 Rue Queen,09-29-2024 13:08,#1486,Sep 2024,059186730669,,4
Mackey - 215 Rue Queen,09-29-2024 13:08,#1486,Sep 2024,059186743423,,1
Mackey - 215 Rue Queen,09-29-2024 12:02,#1485,Sep 2024,191683936134,INTERAC,1
Mackey - 215 Rue Queen,09-29-2024 11:25,#1484,Sep 2024,196458356476,INTERAC,1
Mackey - 215 Rue Queen,09-29-2024 11:22,#1483,Sep 2024,191683218261,,1
Mackey - 215 Rue Queen,09-29-2024 10:25,#1482,Sep 2024,091511600261,VISA,1
Mackey - 215 Rue Queen,09-29-2024 10:25,#1482,Sep 2024,091511501261,VISA,1
Mackey - 215 Rue Queen,09-29-2024 10:20,#1481,Sep 2024,191683218346,,1
Mackey - 215 Rue Queen,09-29-2024 09:17,#1480,Sep 2024,059186743805,VISA,1
Mackey - 215 Rue Queen,09-29-2024 09:17,#1480,Sep 2024,023906779726,VISA,1
Mackey - 215 Rue Queen,09-28-2024 16:48,#1479,Sep 2024,196458427329,,1
Mackey - 215 Rue Queen,09-28-2024 16:48,#1479,Sep 2024,196458245541,,1
Mackey - 215 Rue Queen,09-28-2024 16:48,#1479,Sep 2024,196457943998,,1
Mackey - 215 Rue Queen,09-28-2024 16:48,#1479,Sep 2024,196458319464,,1
Mackey - 215 Rue Queen,09-28-2024 16:48,#1479,Sep 2024,083624743645,,1
Mackey - 215 Rue Queen,09-28-2024 16:48,#1479,Sep 2024,083625612704,,1
Mackey - 215 Rue Queen,09-28-2024 14:32,#1478,Sep 2024,196458326264,,1
Mackey - 215 Rue Queen,09-28-2024 14:13,#1477,Sep 2024,076174435245,MASTERCARD,1
Mackey - 215 Rue Queen,09-28-2024 13:32,#1476,Sep 2024,045242741397,VISA,2
Mackey - 215 Rue Queen,09-28-2024 13:28,#1475,Sep 2024,67276819,VISA,2
Mackey - 215 Rue Queen,09-28-2024 13:28,#1475,Sep 2024,873437001311,VISA,1
Mackey - 215 Rue Queen,09-28-2024 13:28,#1475,Sep 2024,196457630638,VISA,1
Mackey - 215 Rue Queen,09-28-2024 12:49,#1474,Sep 2024,191683818294,INTERAC,1
Mackey - 215 Rue Queen,09-28-2024 12:39,#1473,Sep 2024,071497152374,VISA,1
Mackey - 215 Rue Queen,09-28-2024 12:39,#1473,Sep 2024,071497152381,VISA,1
Mackey - 215 Rue Queen,09-28-2024 12:38,#1472,Sep 2024,023906768218,INTERAC,1
Mackey - 215 Rue Queen,09-28-2024 12:38,#1472,Sep 2024,023906768621,INTERAC,1
Mackey - 215 Rue Queen,09-28-2024 12:27,#1471,Sep 2024,196458358692,MASTERCARD,1
Mackey - 215 Rue Queen,09-28-2024 11:34,#1470,Sep 2024,196458413155,,1
Mackey - 215 Rue Queen,09-28-2024 11:34,#1470,Sep 2024,196458394225,,1
Mackey - 215 Rue Queen,09-28-2024 10:23,#1469,Sep 2024,023906777272,VISA,1
Mackey - 215 Rue Queen,09-28-2024 10:21,#1468,Sep 2024,083624004944,INTERAC,1
Mackey - 215 Rue Queen,09-28-2024 10:21,#1468,Sep 2024,196457801120,INTERAC,1
Mackey - 215 Rue Queen,09-28-2024 10:21,#1468,Sep 2024,191056523466,INTERAC,1
Mackey - 215 Rue Queen,09-28-2024 10:21,#1468,Sep 2024,196458160318,INTERAC,1
Mackey - 215 Rue Queen,09-28-2024 10:07,#1467,Sep 2024,084084240118,MASTERCARD,1
Mackey - 215 Rue Queen,09-28-2024 10:07,#1467,Sep 2024,051071128285,MASTERCARD,1
Mackey - 215 Rue Queen,09-28-2024 09:56,#1466,Sep 2024,196458257704,,1
Mackey - 215 Rue Queen,09-28-2024 09:43,#1465,Sep 2024,196458257582,VISA,1
Grand Total,,,,,,1395
